{"v":"5.2.1","fr":60,"ip":0,"op":300,"w":1080,"h":1080,"nm":"CAT","ddd":0,"assets":[],"layers":[{"ddd":0,"ind":1,"ty":4,"nm":"Shape Layer 1","sr":1,"ks":{"o":{"a":0,"k":100,"ix":11},"r":{"a":0,"k":0,"ix":10},"p":{"a":0,"k":[540,540,0],"ix":2},"a":{"a":0,"k":[0,0,0],"ix":1},"s":{"a":0,"k":[100,100,100],"ix":6}},"ao":0,"shapes":[{"ty":"gr","it":[{"ind":0,"ty":"sh","ix":1,"ks":{"a":0,"k":{"i":[[0,0],[0,0],[0,0]],"o":[[0,0],[0,0],[0,0]],"v":[[-184.5,233.5],[-211,258.5],[-169.75,261]],"c":true},"ix":2},"nm":"Path 1","mn":"ADBE Vector Shape - Group","hd":false},{"ty":"st","c":{"a":0,"k":[1,1,1,1],"ix":3},"o":{"a":0,"k":100,"ix":4},"w":{"a":0,"k":2,"ix":5},"lc":1,"lj":1,"ml":4,"ml2":{"a":0,"k":4,"ix":8},"nm":"Stroke 1","mn":"ADBE Vector Graphic - Stroke","hd":true},{"ty":"fl","c":{"a":0,"k":[0.396078461292,0.545098039216,0.917647118662,1],"ix":4},"o":{"a":0,"k":100,"ix":5},"r":1,"nm":"Fill 1","mn":"ADBE Vector Graphic - Fill","hd":false},{"ty":"tr","p":{"a":0,"k":[0,0],"ix":2},"a":{"a":0,"k":[0,0],"ix":1},"s":{"a":0,"k":[100,100],"ix":3},"r":{"a":0,"k":0,"ix":6},"o":{"a":0,"k":100,"ix":7},"sk":{"a":0,"k":0,"ix":4},"sa":{"a":0,"k":0,"ix":5},"nm":"Transform"}],"nm":"Shape 3","np":3,"cix":2,"ix":1,"mn":"ADBE Vector Group","hd":false},{"ty":"gr","it":[{"ind":0,"ty":"sh","ix":1,"ks":{"a":0,"k":{"i":[[0,0],[0,0],[0,0],[0,0],[0,0]],"o":[[0,0],[0,0],[0,0],[0,0],[0,0]],"v":[[-337.5,249.25],[-276.25,318.5],[-243.75,303.75],[-267,292],[-259.75,257.75]],"c":true},"ix":2},"nm":"Path 1","mn":"ADBE Vector Shape - Group","hd":false},{"ty":"st","c":{"a":0,"k":[1,1,1,1],"ix":3},"o":{"a":0,"k":100,"ix":4},"w":{"a":0,"k":2,"ix":5},"lc":1,"lj":1,"ml":4,"ml2":{"a":0,"k":4,"ix":8},"nm":"Stroke 1","mn":"ADBE Vector Graphic - Stroke","hd":true},{"ty":"fl","c":{"a":0,"k":[0.396078461292,0.545098039216,0.917647118662,1],"ix":4},"o":{"a":0,"k":100,"ix":5},"r":1,"nm":"Fill 1","mn":"ADBE Vector Graphic - Fill","hd":false},{"ty":"tr","p":{"a":0,"k":[0,0],"ix":2},"a":{"a":0,"k":[0,0],"ix":1},"s":{"a":0,"k":[100,100],"ix":3},"r":{"a":0,"k":0,"ix":6},"o":{"a":0,"k":100,"ix":7},"sk":{"a":0,"k":0,"ix":4},"sa":{"a":0,"k":0,"ix":5},"nm":"Transform"}],"nm":"Shape 2","np":3,"cix":2,"ix":2,"mn":"ADBE Vector Group","hd":false},{"ty":"gr","it":[{"ind":0,"ty":"sh","ix":1,"ks":{"a":0,"k":{"i":[[0,0],[0,0],[0,0],[0,0],[0,0],[0,0],[0,23],[0,0]],"o":[[0,0],[0,0],[0,0],[0,0],[0,0],[0,0],[0,-23],[0,0]],"v":[[-289.625,105.188],[-245.25,135.375],[-262.375,174.125],[-240.25,182],[-249.875,209.75],[-116.5,201.875],[-107.375,166.375],[-115.5,124.5]],"c":true},"ix":2},"nm":"Path 1","mn":"ADBE Vector Shape - Group","hd":false},{"ty":"st","c":{"a":0,"k":[0,1,0.094117998609,1],"ix":3},"o":{"a":0,"k":100,"ix":4},"w":{"a":0,"k":2,"ix":5},"lc":1,"lj":1,"ml":4,"ml2":{"a":0,"k":4,"ix":8},"nm":"Stroke 1","mn":"ADBE Vector Graphic - Stroke","hd":true},{"ty":"fl","c":{"a":0,"k":[0.396078461292,0.545098039216,0.917647118662,1],"ix":4},"o":{"a":0,"k":100,"ix":5},"r":1,"nm":"Fill 1","mn":"ADBE Vector Graphic - Fill","hd":false},{"ty":"tr","p":{"a":0,"k":[0,0],"ix":2},"a":{"a":0,"k":[0,0],"ix":1},"s":{"a":0,"k":[100,100],"ix":3},"r":{"a":0,"k":0,"ix":6},"o":{"a":0,"k":100,"ix":7},"sk":{"a":0,"k":0,"ix":4},"sa":{"a":0,"k":0,"ix":5},"nm":"Transform"}],"nm":"Shape 1","np":3,"cix":2,"ix":3,"mn":"ADBE Vector Group","hd":false}],"ip":0,"op":300,"st":0,"bm":0},{"ddd":0,"ind":2,"ty":4,"nm":"Cat_1 Outlines","sr":1,"ks":{"o":{"a":0,"k":100,"ix":11},"r":{"a":0,"k":0,"ix":10},"p":{"a":0,"k":[708,529,0],"ix":2},"a":{"a":0,"k":[540,540,0],"ix":1},"s":{"a":0,"k":[95,95,100],"ix":6}},"ao":0,"shapes":[{"ty":"gr","it":[{"ind":0,"ty":"sh","ix":1,"ks":{"a":0,"k":{"i":[[0,0],[-2.532,-16.826]],"o":[[0,0],[0,0]],"v":[[2.885,-14.968],[-0.354,14.968]],"c":false},"ix":2},"nm":"Path 1","mn":"ADBE Vector Shape - Group","hd":false},{"ty":"st","c":{"a":0,"k":[0.255000005984,0.246999987434,0.298000021542,1],"ix":3},"o":{"a":0,"k":100,"ix":4},"w":{"a":0,"k":7,"ix":5},"lc":1,"lj":1,"ml":10,"ml2":{"a":0,"k":10,"ix":8},"nm":"Stroke 1","mn":"ADBE Vector Graphic - Stroke","hd":false},{"ty":"tr","p":{"a":0,"k":[386.356,476.957],"ix":2},"a":{"a":0,"k":[0,0],"ix":1},"s":{"a":0,"k":[100,100],"ix":3},"r":{"a":0,"k":0,"ix":6},"o":{"a":0,"k":100,"ix":7},"sk":{"a":0,"k":0,"ix":4},"sa":{"a":0,"k":0,"ix":5},"nm":"Transform"}],"nm":"Group 1","np":2,"cix":2,"ix":1,"mn":"ADBE Vector Group","hd":false},{"ty":"gr","it":[{"ind":0,"ty":"sh","ix":1,"ks":{"a":0,"k":{"i":[[0.523,-3.872],[6.945,0.938],[-0.524,3.872],[-6.944,-0.938]],"o":[[-0.523,3.873],[-6.945,-0.938],[0.522,-3.873],[6.944,0.938]],"v":[[12.574,1.698],[-0.947,7.011],[-12.573,-1.698],[0.947,-7.011]],"c":true},"ix":2},"nm":"Path 1","mn":"ADBE Vector Shape - Group","hd":false},{"ty":"fl","c":{"a":0,"k":[0.255000005984,0.246999987434,0.298000021542,1],"ix":4},"o":{"a":0,"k":100,"ix":5},"r":1,"nm":"Fill 1","mn":"ADBE Vector Graphic - Fill","hd":false},{"ty":"tr","p":{"a":0,"k":[389.505,461.103],"ix":2},"a":{"a":0,"k":[0,0],"ix":1},"s":{"a":0,"k":[100,100],"ix":3},"r":{"a":0,"k":0,"ix":6},"o":{"a":0,"k":100,"ix":7},"sk":{"a":0,"k":0,"ix":4},"sa":{"a":0,"k":0,"ix":5},"nm":"Transform"}],"nm":"Group 2","np":2,"cix":2,"ix":2,"mn":"ADBE Vector Group","hd":false},{"ty":"gr","it":[{"ind":0,"ty":"sh","ix":1,"ks":{"a":0,"k":{"i":[[0,-14.394],[15.378,0],[0,14.394],[-15.377,0]],"o":[[0,14.394],[-15.377,0],[0,-14.394],[15.378,0]],"v":[[27.844,0],[-0.001,26.062],[-27.844,0],[-0.001,-26.062]],"c":true},"ix":2},"nm":"Path 1","mn":"ADBE Vector Shape - Group","hd":false},{"ty":"fl","c":{"a":0,"k":[1,0.827000038297,0.552999997606,1],"ix":4},"o":{"a":0,"k":100,"ix":5},"r":1,"nm":"Fill 1","mn":"ADBE Vector Graphic - Fill","hd":false},{"ty":"tr","p":{"a":0,"k":[392.233,463.429],"ix":2},"a":{"a":0,"k":[0,0],"ix":1},"s":{"a":0,"k":[100,100],"ix":3},"r":{"a":0,"k":0,"ix":6},"o":{"a":0,"k":100,"ix":7},"sk":{"a":0,"k":0,"ix":4},"sa":{"a":0,"k":0,"ix":5},"nm":"Transform"}],"nm":"Group 3","np":2,"cix":2,"ix":3,"mn":"ADBE Vector Group","hd":false},{"ty":"gr","it":[{"ind":0,"ty":"sh","ix":1,"ks":{"a":0,"k":{"i":[[-5.796,-0.09],[-5.63,-2.273],[5.311,2.143],[6.842,0.106]],"o":[[6.077,0.094],[5.369,2.167],[-6.35,-2.563],[-5.794,-0.09]],"v":[[-9.675,1.657],[7.768,5.266],[10.161,-3.412],[-9.675,-7.343]],"c":true},"ix":2},"nm":"Path 1","mn":"ADBE Vector Shape - Group","hd":false},{"ty":"fl","c":{"a":0,"k":[0.969000004787,0.455000005984,0.725,1],"ix":4},"o":{"a":0,"k":100,"ix":5},"r":1,"nm":"Fill 1","mn":"ADBE Vector Graphic - Fill","hd":false},{"ty":"tr","p":{"a":0,"k":[534.208,156.391],"ix":2},"a":{"a":0,"k":[0,0],"ix":1},"s":{"a":0,"k":[100,100],"ix":3},"r":{"a":0,"k":0,"ix":6},"o":{"a":0,"k":100,"ix":7},"sk":{"a":0,"k":0,"ix":4},"sa":{"a":0,"k":0,"ix":5},"nm":"Transform"}],"nm":"Group 4","np":2,"cix":2,"ix":4,"mn":"ADBE Vector Group","hd":false},{"ty":"gr","it":[{"ind":0,"ty":"sh","ix":1,"ks":{"a":0,"k":{"i":[[-5.76,0.625],[-8.375,-0.36],[5.779,0.249],[8.334,-0.905]],"o":[[8.334,-0.905],[5.791,0.249],[-8.375,-0.36],[-5.697,0.618]],"v":[[-12.479,4.773],[12.448,3.962],[12.448,-5.038],[-12.479,-4.227]],"c":true},"ix":2},"nm":"Path 1","mn":"ADBE Vector Shape - Group","hd":false},{"ty":"fl","c":{"a":0,"k":[0.969000004787,0.455000005984,0.725,1],"ix":4},"o":{"a":0,"k":100,"ix":5},"r":1,"nm":"Fill 1","mn":"ADBE Vector Graphic - Fill","hd":false},{"ty":"tr","p":{"a":0,"k":[414.152,149.7],"ix":2},"a":{"a":0,"k":[0,0],"ix":1},"s":{"a":0,"k":[100,100],"ix":3},"r":{"a":0,"k":0,"ix":6},"o":{"a":0,"k":100,"ix":7},"sk":{"a":0,"k":0,"ix":4},"sa":{"a":0,"k":0,"ix":5},"nm":"Transform"}],"nm":"Group 5","np":2,"cix":2,"ix":5,"mn":"ADBE Vector Group","hd":false},{"ty":"gr","it":[{"ind":0,"ty":"sh","ix":1,"ks":{"a":1,"k":[{"i":{"x":0.833,"y":0.833},"o":{"x":0.167,"y":0.167},"n":"0p833_0p833_0p167_0p167","t":0,"s":[{"i":[[-5.627,1.3],[-9.98,8.484],[4.653,-8.771],[13.953,-1.874]],"o":[[9.479,-2.19],[7.834,-6.66],[-5.289,9.971],[-5.744,0.772]],"v":[[-16.458,2.676],[15.712,-4.17],[13.104,-11.795],[-16.458,-6.324]],"c":true}],"e":[{"i":[[-5.328,2.229],[-10.587,-7.712],[4.761,3.279],[11.321,-5.558]],"o":[[10.268,-4.295],[4.629,3.372],[-9.295,-6.403],[-5.202,2.554]],"v":[[-16.458,2.676],[14.133,5.83],[16.262,-1.006],[-16.458,-6.324]],"c":true}]},{"i":{"x":0.833,"y":0.833},"o":{"x":0.167,"y":0.167},"n":"0p833_0p833_0p167_0p167","t":75,"s":[{"i":[[-5.328,2.229],[-10.587,-7.712],[4.761,3.279],[11.321,-5.558]],"o":[[10.268,-4.295],[4.629,3.372],[-9.295,-6.403],[-5.202,2.554]],"v":[[-16.458,2.676],[14.133,5.83],[16.262,-1.006],[-16.458,-6.324]],"c":true}],"e":[{"i":[[-5.627,1.3],[-9.98,8.483],[4.653,-8.771],[13.953,-1.874]],"o":[[9.479,-2.19],[7.834,-6.66],[-5.289,9.971],[-5.744,0.772]],"v":[[-16.458,2.676],[15.712,-4.17],[13.104,-11.795],[-16.458,-6.324]],"c":true}]},{"i":{"x":0.833,"y":0.833},"o":{"x":0.167,"y":0.167},"n":"0p833_0p833_0p167_0p167","t":150,"s":[{"i":[[-5.627,1.3],[-9.98,8.483],[4.653,-8.771],[13.953,-1.874]],"o":[[9.479,-2.19],[7.834,-6.66],[-5.289,9.971],[-5.744,0.772]],"v":[[-16.458,2.676],[15.712,-4.17],[13.104,-11.795],[-16.458,-6.324]],"c":true}],"e":[{"i":[[-5.328,2.229],[-10.587,-7.712],[4.761,3.279],[11.321,-5.558]],"o":[[10.268,-4.295],[4.629,3.372],[-9.294,-6.403],[-5.202,2.554]],"v":[[-16.458,2.676],[14.133,5.83],[16.262,-1.006],[-16.458,-6.324]],"c":true}]},{"i":{"x":0.833,"y":0.833},"o":{"x":0.167,"y":0.167},"n":"0p833_0p833_0p167_0p167","t":224,"s":[{"i":[[-5.328,2.229],[-10.587,-7.712],[4.761,3.279],[11.321,-5.558]],"o":[[10.268,-4.295],[4.629,3.372],[-9.294,-6.403],[-5.202,2.554]],"v":[[-16.458,2.676],[14.133,5.83],[16.262,-1.006],[-16.458,-6.324]],"c":true}],"e":[{"i":[[-5.627,1.3],[-9.98,8.483],[4.653,-8.771],[13.953,-1.874]],"o":[[9.479,-2.19],[7.834,-6.66],[-5.289,9.971],[-5.744,0.772]],"v":[[-16.458,2.676],[15.712,-4.17],[13.104,-11.795],[-16.458,-6.324]],"c":true}]},{"t":299}],"ix":2},"nm":"Path 1","mn":"ADBE Vector Shape - Group","hd":false},{"ty":"fl","c":{"a":0,"k":[0.969000004787,0.455000005984,0.725,1],"ix":4},"o":{"a":0,"k":100,"ix":5},"r":1,"nm":"Fill 1","mn":"ADBE Vector Graphic - Fill","hd":false},{"ty":"tr","p":{"a":0,"k":[533.032,325.04],"ix":2},"a":{"a":0,"k":[0,0],"ix":1},"s":{"a":0,"k":[100,100],"ix":3},"r":{"a":0,"k":0,"ix":6},"o":{"a":0,"k":100,"ix":7},"sk":{"a":0,"k":0,"ix":4},"sa":{"a":0,"k":0,"ix":5},"nm":"Transform"}],"nm":"Group 6","np":2,"cix":2,"ix":6,"mn":"ADBE Vector Group","hd":false},{"ty":"gr","it":[{"ind":0,"ty":"sh","ix":1,"ks":{"a":1,"k":[{"i":{"x":0.833,"y":0.833},"o":{"x":0.167,"y":0.167},"n":"0p833_0p833_0p167_0p167","t":0,"s":[{"i":[[-5.541,1.754],[-6.579,6.055],[3.972,-4.739],[11.959,-2.155]],"o":[[10.573,-3.347],[4.425,-4.073],[-9.366,11.175],[-5.693,1.026]],"v":[[-13.37,11.648],[16.677,-0.649],[14.284,-9.328],[-17.913,3.877]],"c":true}],"e":[{"i":[[-4.981,2.995],[-10.62,-4.556],[7.92,2.366],[10.582,-6.361]],"o":[[9.901,-5.952],[5.527,2.371],[-11.827,-3.533],[-4.958,2.98]],"v":[[-13.37,11.648],[20.098,5.93],[17.705,-2.749],[-17.913,3.877]],"c":true}]},{"i":{"x":0.833,"y":0.833},"o":{"x":0.167,"y":0.167},"n":"0p833_0p833_0p167_0p167","t":75,"s":[{"i":[[-4.981,2.995],[-10.62,-4.556],[7.92,2.366],[10.582,-6.361]],"o":[[9.901,-5.952],[5.527,2.371],[-11.827,-3.533],[-4.958,2.98]],"v":[[-13.37,11.648],[20.098,5.93],[17.705,-2.749],[-17.913,3.877]],"c":true}],"e":[{"i":[[-5.541,1.754],[-6.579,6.055],[3.972,-4.739],[11.959,-2.155]],"o":[[10.573,-3.347],[4.425,-4.073],[-9.366,11.175],[-5.693,1.026]],"v":[[-13.37,11.648],[16.677,-0.649],[14.284,-9.328],[-17.913,3.877]],"c":true}]},{"i":{"x":0.833,"y":0.833},"o":{"x":0.167,"y":0.167},"n":"0p833_0p833_0p167_0p167","t":150,"s":[{"i":[[-5.541,1.754],[-6.579,6.055],[3.972,-4.739],[11.959,-2.155]],"o":[[10.573,-3.347],[4.425,-4.073],[-9.366,11.175],[-5.693,1.026]],"v":[[-13.37,11.648],[16.677,-0.649],[14.284,-9.328],[-17.913,3.877]],"c":true}],"e":[{"i":[[-4.981,2.995],[-10.62,-4.556],[7.92,2.366],[10.582,-6.361]],"o":[[9.901,-5.952],[5.527,2.371],[-11.827,-3.533],[-4.958,2.98]],"v":[[-13.37,11.648],[20.098,5.93],[17.705,-2.749],[-17.913,3.877]],"c":true}]},{"i":{"x":0.833,"y":0.833},"o":{"x":0.167,"y":0.167},"n":"0p833_0p833_0p167_0p167","t":224,"s":[{"i":[[-4.981,2.995],[-10.62,-4.556],[7.92,2.366],[10.582,-6.361]],"o":[[9.901,-5.952],[5.527,2.371],[-11.827,-3.533],[-4.958,2.98]],"v":[[-13.37,11.648],[20.098,5.93],[17.705,-2.749],[-17.913,3.877]],"c":true}],"e":[{"i":[[-5.541,1.754],[-6.579,6.055],[3.972,-4.739],[11.959,-2.155]],"o":[[10.573,-3.347],[4.425,-4.073],[-9.366,11.175],[-5.693,1.026]],"v":[[-13.37,11.648],[16.677,-0.649],[14.284,-9.328],[-17.913,3.877]],"c":true}]},{"t":299}],"ix":2},"nm":"Path 1","mn":"ADBE Vector Shape - Group","hd":false},{"ty":"fl","c":{"a":0,"k":[0.969000004787,0.455000005984,0.725,1],"ix":4},"o":{"a":0,"k":100,"ix":5},"r":1,"nm":"Fill 1","mn":"ADBE Vector Graphic - Fill","hd":false},{"ty":"tr","p":{"a":0,"k":[526.48,290.909],"ix":2},"a":{"a":0,"k":[0,0],"ix":1},"s":{"a":0,"k":[100,100],"ix":3},"r":{"a":0,"k":0,"ix":6},"o":{"a":0,"k":100,"ix":7},"sk":{"a":0,"k":0,"ix":4},"sa":{"a":0,"k":0,"ix":5},"nm":"Transform"}],"nm":"Group 7","np":2,"cix":2,"ix":7,"mn":"ADBE Vector Group","hd":false},{"ty":"gr","it":[{"ind":0,"ty":"sh","ix":1,"ks":{"a":1,"k":[{"i":{"x":0.833,"y":0.833},"o":{"x":0.167,"y":0.167},"n":"0p833_0p833_0p167_0p167","t":0,"s":[{"i":[[-5.646,-1.085],[-10.371,3.393],[5.527,-1.808],[13.668,1.888]],"o":[[9.784,1.881],[5.48,-1.793],[-11.111,3.635],[-5.727,-0.791]],"v":[[-20.45,1.394],[17.418,-1.815],[15.025,-10.493],[-21.045,-6.246]],"c":true}],"e":[{"i":[[-3.953,4.175],[-10.371,3.393],[5.527,-1.808],[10.247,-9.296]],"o":[[7.811,-8.251],[5.48,-1.793],[-11.111,3.635],[-4.282,3.885]],"v":[[-16.24,10.078],[17.418,-1.815],[15.025,-10.493],[-16.835,2.439]],"c":true}]},{"i":{"x":0.833,"y":0.833},"o":{"x":0.167,"y":0.167},"n":"0p833_0p833_0p167_0p167","t":75,"s":[{"i":[[-3.953,4.175],[-10.371,3.393],[5.527,-1.808],[10.247,-9.296]],"o":[[7.811,-8.251],[5.48,-1.793],[-11.111,3.635],[-4.282,3.885]],"v":[[-16.24,10.078],[17.418,-1.815],[15.025,-10.493],[-16.835,2.439]],"c":true}],"e":[{"i":[[-5.646,-1.085],[-10.371,3.393],[5.527,-1.808],[13.668,1.888]],"o":[[9.784,1.881],[5.48,-1.793],[-11.111,3.635],[-5.727,-0.791]],"v":[[-20.45,1.394],[17.418,-1.815],[15.025,-10.493],[-21.045,-6.246]],"c":true}]},{"i":{"x":0.833,"y":0.833},"o":{"x":0.167,"y":0.167},"n":"0p833_0p833_0p167_0p167","t":150,"s":[{"i":[[-5.646,-1.085],[-10.371,3.393],[5.527,-1.808],[13.668,1.888]],"o":[[9.784,1.881],[5.48,-1.793],[-11.111,3.635],[-5.727,-0.791]],"v":[[-20.45,1.394],[17.418,-1.815],[15.025,-10.493],[-21.045,-6.246]],"c":true}],"e":[{"i":[[-3.953,4.175],[-10.371,3.393],[5.527,-1.808],[10.247,-9.296]],"o":[[7.811,-8.251],[5.48,-1.793],[-11.111,3.635],[-4.282,3.885]],"v":[[-16.24,10.078],[17.418,-1.815],[15.025,-10.493],[-16.835,2.439]],"c":true}]},{"i":{"x":0.833,"y":0.833},"o":{"x":0.167,"y":0.167},"n":"0p833_0p833_0p167_0p167","t":224,"s":[{"i":[[-3.953,4.175],[-10.371,3.393],[5.527,-1.808],[10.247,-9.296]],"o":[[7.811,-8.251],[5.48,-1.793],[-11.111,3.635],[-4.282,3.885]],"v":[[-16.24,10.078],[17.418,-1.815],[15.025,-10.493],[-16.835,2.439]],"c":true}],"e":[{"i":[[-5.646,-1.085],[-10.371,3.393],[5.527,-1.808],[13.668,1.888]],"o":[[9.784,1.881],[5.48,-1.793],[-11.111,3.635],[-5.727,-0.791]],"v":[[-20.45,1.394],[17.418,-1.815],[15.025,-10.493],[-21.045,-6.246]],"c":true}]},{"t":299}],"ix":2},"nm":"Path 1","mn":"ADBE Vector Shape - Group","hd":false},{"ty":"fl","c":{"a":0,"k":[0.969000004787,0.455000005984,0.725,1],"ix":4},"o":{"a":0,"k":100,"ix":5},"r":1,"nm":"Fill 1","mn":"ADBE Vector Graphic - Fill","hd":false},{"ty":"tr","p":{"a":0,"k":[280.535,335.278],"ix":2},"a":{"a":0,"k":[0,0],"ix":1},"s":{"a":0,"k":[100,100],"ix":3},"r":{"a":0,"k":0,"ix":6},"o":{"a":0,"k":100,"ix":7},"sk":{"a":0,"k":0,"ix":4},"sa":{"a":0,"k":0,"ix":5},"nm":"Transform"}],"nm":"Group 8","np":2,"cix":2,"ix":8,"mn":"ADBE Vector Group","hd":false},{"ty":"gr","it":[{"ind":0,"ty":"sh","ix":1,"ks":{"a":1,"k":[{"i":{"x":0.833,"y":0.833},"o":{"x":0.167,"y":0.167},"n":"0p833_0p833_0p167_0p167","t":0,"s":[{"i":[[-5.276,-2.424],[-11.944,-0.861],[5.752,0.415],[11.985,5.57]],"o":[[11.722,5.386],[5.779,0.416],[-11.944,-0.861],[-5.238,-2.435]],"v":[[-19.131,-1.704],[17.944,4.823],[17.944,-4.177],[-17.947,-10.309]],"c":true}],"e":[{"i":[[-5.168,2.646],[-11.944,-0.861],[5.752,0.415],[10.205,-6.267]],"o":[[11.327,-5.798],[5.779,0.416],[-11.944,-0.861],[-7.357,4.518]],"v":[[-17.355,16.191],[17.944,4.823],[17.944,-4.177],[-17.947,7.06]],"c":true}]},{"i":{"x":0.833,"y":0.833},"o":{"x":0.167,"y":0.167},"n":"0p833_0p833_0p167_0p167","t":75,"s":[{"i":[[-5.168,2.646],[-11.944,-0.861],[5.752,0.415],[10.205,-6.267]],"o":[[11.327,-5.798],[5.779,0.416],[-11.944,-0.861],[-7.357,4.518]],"v":[[-17.355,16.191],[17.944,4.823],[17.944,-4.177],[-17.947,7.06]],"c":true}],"e":[{"i":[[-5.276,-2.424],[-11.944,-0.861],[5.752,0.415],[11.985,5.57]],"o":[[11.722,5.386],[5.779,0.416],[-11.944,-0.861],[-5.238,-2.435]],"v":[[-19.131,-1.704],[17.944,4.823],[17.944,-4.177],[-17.947,-10.309]],"c":true}]},{"i":{"x":0.833,"y":0.833},"o":{"x":0.167,"y":0.167},"n":"0p833_0p833_0p167_0p167","t":150,"s":[{"i":[[-5.276,-2.424],[-11.944,-0.861],[5.752,0.415],[11.985,5.57]],"o":[[11.722,5.386],[5.779,0.416],[-11.944,-0.861],[-5.238,-2.435]],"v":[[-19.131,-1.704],[17.944,4.823],[17.944,-4.177],[-17.947,-10.309]],"c":true}],"e":[{"i":[[-5.168,2.646],[-11.944,-0.861],[5.752,0.415],[10.205,-6.267]],"o":[[11.327,-5.798],[5.779,0.416],[-11.944,-0.861],[-7.357,4.518]],"v":[[-17.355,16.191],[17.944,4.823],[17.944,-4.177],[-17.947,7.06]],"c":true}]},{"i":{"x":0.833,"y":0.833},"o":{"x":0.167,"y":0.167},"n":"0p833_0p833_0p167_0p167","t":224,"s":[{"i":[[-5.168,2.646],[-11.944,-0.861],[5.752,0.415],[10.205,-6.267]],"o":[[11.327,-5.798],[5.779,0.416],[-11.944,-0.861],[-7.357,4.518]],"v":[[-17.355,16.191],[17.944,4.823],[17.944,-4.177],[-17.947,7.06]],"c":true}],"e":[{"i":[[-5.276,-2.424],[-11.944,-0.861],[5.752,0.415],[11.985,5.57]],"o":[[11.722,5.386],[5.779,0.416],[-11.944,-0.861],[-5.238,-2.435]],"v":[[-19.131,-1.704],[17.944,4.823],[17.944,-4.177],[-17.947,-10.309]],"c":true}]},{"t":299}],"ix":2},"nm":"Path 1","mn":"ADBE Vector Shape - Group","hd":false},{"ty":"fl","c":{"a":0,"k":[0.969000004787,0.455000005984,0.725,1],"ix":4},"o":{"a":0,"k":100,"ix":5},"r":1,"nm":"Fill 1","mn":"ADBE Vector Graphic - Fill","hd":false},{"ty":"tr","p":{"a":0,"k":[281.357,296.58],"ix":2},"a":{"a":0,"k":[0,0],"ix":1},"s":{"a":0,"k":[100,100],"ix":3},"r":{"a":0,"k":0,"ix":6},"o":{"a":0,"k":100,"ix":7},"sk":{"a":0,"k":0,"ix":4},"sa":{"a":0,"k":0,"ix":5},"nm":"Transform"}],"nm":"Group 9","np":2,"cix":2,"ix":9,"mn":"ADBE Vector Group","hd":false},{"ty":"gr","it":[{"ind":0,"ty":"sh","ix":1,"ks":{"a":0,"k":{"i":[[0,0],[-5.636,-0.513],[0,0]],"o":[[0,0],[5.638,0.512],[0,0]],"v":[[-16.74,11.872],[-1.708,-11.359],[16.74,11.872]],"c":false},"ix":2},"nm":"Path 1","mn":"ADBE Vector Shape - Group","hd":false},{"ty":"st","c":{"a":0,"k":[0.255000005984,0.246999987434,0.298000021542,1],"ix":3},"o":{"a":0,"k":100,"ix":4},"w":{"a":0,"k":9,"ix":5},"lc":2,"lj":1,"ml":10,"ml2":{"a":0,"k":10,"ix":8},"nm":"Stroke 1","mn":"ADBE Vector Graphic - Stroke","hd":false},{"ty":"tr","p":{"a":0,"k":[408.973,329.007],"ix":2},"a":{"a":0,"k":[0,0],"ix":1},"s":{"a":0,"k":[100,100],"ix":3},"r":{"a":0,"k":0,"ix":6},"o":{"a":0,"k":100,"ix":7},"sk":{"a":0,"k":0,"ix":4},"sa":{"a":0,"k":0,"ix":5},"nm":"Transform"}],"nm":"Group 10","np":2,"cix":2,"ix":10,"mn":"ADBE Vector Group","hd":false},{"ty":"gr","it":[{"ind":0,"ty":"sh","ix":1,"ks":{"a":1,"k":[{"i":{"x":1,"y":1},"o":{"x":1,"y":0},"n":"1_1_1_0","t":50,"s":[{"i":[[-2.732,2.391],[-3.161,-1.965],[18.022,0]],"o":[[3.547,-3.103],[3.16,1.964],[-18.021,0]],"v":[[-18.577,-8.754],[18.15,-10.633],[-0.215,12.598]],"c":true}],"e":[{"i":[[-0.055,0.206],[-3.364,-0.195],[17.979,0.119]],"o":[[3.289,-3.375],[-0.195,-0.16],[-17.947,-0.119]],"v":[[-18.586,6.832],[18.141,4.953],[-0.166,4.541]],"c":true}]},{"i":{"x":0,"y":1},"o":{"x":0,"y":0},"n":"0_1_0_0","t":60,"s":[{"i":[[-0.055,0.206],[-3.364,-0.195],[17.979,0.119]],"o":[[3.289,-3.375],[-0.195,-0.16],[-17.947,-0.119]],"v":[[-18.586,6.832],[18.141,4.953],[-0.166,4.541]],"c":true}],"e":[{"i":[[-2.732,2.391],[-3.161,-1.965],[18.022,0]],"o":[[3.547,-3.103],[3.16,1.964],[-18.021,0]],"v":[[-18.577,-8.754],[18.15,-10.633],[-0.215,12.598]],"c":true}]},{"i":{"x":0.667,"y":1},"o":{"x":0.333,"y":0},"n":"0p667_1_0p333_0","t":70,"s":[{"i":[[-2.732,2.391],[-3.161,-1.965],[18.022,0]],"o":[[3.547,-3.103],[3.16,1.964],[-18.021,0]],"v":[[-18.577,-8.754],[18.15,-10.633],[-0.215,12.598]],"c":true}],"e":[{"i":[[-2.732,2.391],[-3.161,-1.965],[18.022,0]],"o":[[3.547,-3.103],[3.16,1.964],[-18.021,0]],"v":[[-18.577,-8.754],[18.15,-10.633],[-0.215,12.598]],"c":true}]},{"i":{"x":1,"y":1},"o":{"x":1,"y":0},"n":"1_1_1_0","t":140,"s":[{"i":[[-2.732,2.391],[-3.161,-1.965],[18.022,0]],"o":[[3.547,-3.103],[3.16,1.964],[-18.021,0]],"v":[[-18.577,-8.754],[18.15,-10.633],[-0.215,12.598]],"c":true}],"e":[{"i":[[-0.055,0.206],[-3.364,-0.195],[17.979,0.119]],"o":[[3.289,-3.375],[-0.195,-0.16],[-17.947,-0.119]],"v":[[-18.586,6.832],[18.141,4.953],[-0.166,4.541]],"c":true}]},{"i":{"x":0,"y":1},"o":{"x":0,"y":0},"n":"0_1_0_0","t":150,"s":[{"i":[[-0.055,0.206],[-3.364,-0.195],[17.979,0.119]],"o":[[3.289,-3.375],[-0.195,-0.16],[-17.947,-0.119]],"v":[[-18.586,6.832],[18.141,4.953],[-0.166,4.541]],"c":true}],"e":[{"i":[[-2.732,2.391],[-3.161,-1.965],[18.022,0]],"o":[[3.547,-3.103],[3.16,1.964],[-18.021,0]],"v":[[-18.577,-8.754],[18.15,-10.633],[-0.215,12.598]],"c":true}]},{"i":{"x":0.667,"y":1},"o":{"x":0.167,"y":0},"n":"0p667_1_0p167_0","t":160,"s":[{"i":[[-2.732,2.391],[-3.161,-1.965],[18.022,0]],"o":[[3.547,-3.103],[3.16,1.964],[-18.021,0]],"v":[[-18.577,-8.754],[18.15,-10.633],[-0.215,12.598]],"c":true}],"e":[{"i":[[-2.732,2.391],[-3.161,-1.965],[18.022,0]],"o":[[3.547,-3.103],[3.16,1.964],[-18.021,0]],"v":[[-18.577,-8.754],[18.15,-10.633],[-0.215,12.598]],"c":true}]},{"i":{"x":1,"y":1},"o":{"x":1,"y":0},"n":"1_1_1_0","t":230,"s":[{"i":[[-2.732,2.391],[-3.161,-1.965],[18.022,0]],"o":[[3.547,-3.103],[3.16,1.964],[-18.021,0]],"v":[[-18.577,-8.754],[18.15,-10.633],[-0.215,12.598]],"c":true}],"e":[{"i":[[-0.055,0.206],[-3.364,-0.195],[17.979,0.119]],"o":[[3.289,-3.375],[-0.195,-0.16],[-17.947,-0.119]],"v":[[-18.586,6.832],[18.141,4.953],[-0.166,4.541]],"c":true}]},{"i":{"x":0,"y":1},"o":{"x":0,"y":0},"n":"0_1_0_0","t":240,"s":[{"i":[[-0.055,0.206],[-3.364,-0.195],[17.979,0.119]],"o":[[3.289,-3.375],[-0.195,-0.16],[-17.947,-0.119]],"v":[[-18.586,6.832],[18.141,4.953],[-0.166,4.541]],"c":true}],"e":[{"i":[[-2.732,2.391],[-3.161,-1.965],[18.022,0]],"o":[[3.547,-3.103],[3.16,1.964],[-18.021,0]],"v":[[-18.577,-8.754],[18.15,-10.633],[-0.215,12.598]],"c":true}]},{"t":250}],"ix":2},"nm":"Path 1","mn":"ADBE Vector Shape - Group","hd":false},{"ty":"mm","mm":4,"nm":"Merge Paths 1","mn":"ADBE Vector Filter - Merge","hd":false},{"ty":"fl","c":{"a":0,"k":[0.255000005984,0.246999987434,0.298000021542,1],"ix":4},"o":{"a":0,"k":100,"ix":5},"r":1,"nm":"Fill 1","mn":"ADBE Vector Graphic - Fill","hd":false},{"ty":"tr","p":{"a":0,"k":[475.07,262.858],"ix":2},"a":{"a":0,"k":[0,0],"ix":1},"s":{"a":0,"k":[99.619,99.619],"ix":3},"r":{"a":0,"k":0,"ix":6},"o":{"a":0,"k":100,"ix":7},"sk":{"a":0,"k":0,"ix":4},"sa":{"a":0,"k":0,"ix":5},"nm":"Transform"}],"nm":"Group 31","np":3,"cix":2,"ix":11,"mn":"ADBE Vector Group","hd":false},{"ty":"gr","it":[{"ind":0,"ty":"sh","ix":1,"ks":{"a":1,"k":[{"i":{"x":1,"y":1},"o":{"x":1,"y":0},"n":"1_1_1_0","t":50,"s":[{"i":[[-2.732,2.391],[-3.161,-1.965],[18.022,0]],"o":[[3.547,-3.103],[3.16,1.964],[-18.021,0]],"v":[[-18.577,-8.754],[18.15,-10.633],[-0.215,12.598]],"c":true}],"e":[{"i":[[-0.055,0.206],[-3.364,-0.195],[17.979,0.119]],"o":[[3.289,-3.375],[-0.195,-0.16],[-17.947,-0.119]],"v":[[-18.586,6.832],[18.141,4.953],[-0.166,4.541]],"c":true}]},{"i":{"x":0,"y":1},"o":{"x":0,"y":0},"n":"0_1_0_0","t":60,"s":[{"i":[[-0.055,0.206],[-3.364,-0.195],[17.979,0.119]],"o":[[3.289,-3.375],[-0.195,-0.16],[-17.947,-0.119]],"v":[[-18.586,6.832],[18.141,4.953],[-0.166,4.541]],"c":true}],"e":[{"i":[[-2.732,2.391],[-3.161,-1.965],[18.022,0]],"o":[[3.547,-3.103],[3.16,1.964],[-18.021,0]],"v":[[-18.577,-8.754],[18.15,-10.633],[-0.215,12.598]],"c":true}]},{"i":{"x":0.667,"y":1},"o":{"x":0.333,"y":0},"n":"0p667_1_0p333_0","t":70,"s":[{"i":[[-2.732,2.391],[-3.161,-1.965],[18.022,0]],"o":[[3.547,-3.103],[3.16,1.964],[-18.021,0]],"v":[[-18.577,-8.754],[18.15,-10.633],[-0.215,12.598]],"c":true}],"e":[{"i":[[-2.732,2.391],[-3.161,-1.965],[18.022,0]],"o":[[3.547,-3.103],[3.16,1.964],[-18.021,0]],"v":[[-18.577,-8.754],[18.15,-10.633],[-0.215,12.598]],"c":true}]},{"i":{"x":1,"y":1},"o":{"x":1,"y":0},"n":"1_1_1_0","t":140,"s":[{"i":[[-2.732,2.391],[-3.161,-1.965],[18.022,0]],"o":[[3.547,-3.103],[3.16,1.964],[-18.021,0]],"v":[[-18.577,-8.754],[18.15,-10.633],[-0.215,12.598]],"c":true}],"e":[{"i":[[-0.055,0.206],[-3.364,-0.195],[17.979,0.119]],"o":[[3.289,-3.375],[-0.195,-0.16],[-17.947,-0.119]],"v":[[-18.586,6.832],[18.141,4.953],[-0.166,4.541]],"c":true}]},{"i":{"x":0,"y":1},"o":{"x":0,"y":0},"n":"0_1_0_0","t":150,"s":[{"i":[[-0.055,0.206],[-3.364,-0.195],[17.979,0.119]],"o":[[3.289,-3.375],[-0.195,-0.16],[-17.947,-0.119]],"v":[[-18.586,6.832],[18.141,4.953],[-0.166,4.541]],"c":true}],"e":[{"i":[[-2.732,2.391],[-3.161,-1.965],[18.022,0]],"o":[[3.547,-3.103],[3.16,1.964],[-18.021,0]],"v":[[-18.577,-8.754],[18.15,-10.633],[-0.215,12.598]],"c":true}]},{"i":{"x":0.667,"y":1},"o":{"x":0.167,"y":0},"n":"0p667_1_0p167_0","t":160,"s":[{"i":[[-2.732,2.391],[-3.161,-1.965],[18.022,0]],"o":[[3.547,-3.103],[3.16,1.964],[-18.021,0]],"v":[[-18.577,-8.754],[18.15,-10.633],[-0.215,12.598]],"c":true}],"e":[{"i":[[-2.732,2.391],[-3.161,-1.965],[18.022,0]],"o":[[3.547,-3.103],[3.16,1.964],[-18.021,0]],"v":[[-18.577,-8.754],[18.15,-10.633],[-0.215,12.598]],"c":true}]},{"i":{"x":1,"y":1},"o":{"x":1,"y":0},"n":"1_1_1_0","t":230,"s":[{"i":[[-2.732,2.391],[-3.161,-1.965],[18.022,0]],"o":[[3.547,-3.103],[3.16,1.964],[-18.021,0]],"v":[[-18.577,-8.754],[18.15,-10.633],[-0.215,12.598]],"c":true}],"e":[{"i":[[-0.055,0.206],[-3.364,-0.195],[17.979,0.119]],"o":[[3.289,-3.375],[-0.195,-0.16],[-17.947,-0.119]],"v":[[-18.586,6.832],[18.141,4.953],[-0.166,4.541]],"c":true}]},{"i":{"x":0,"y":1},"o":{"x":0,"y":0},"n":"0_1_0_0","t":240,"s":[{"i":[[-0.055,0.206],[-3.364,-0.195],[17.979,0.119]],"o":[[3.289,-3.375],[-0.195,-0.16],[-17.947,-0.119]],"v":[[-18.586,6.832],[18.141,4.953],[-0.166,4.541]],"c":true}],"e":[{"i":[[-2.732,2.391],[-3.161,-1.965],[18.022,0]],"o":[[3.547,-3.103],[3.16,1.964],[-18.021,0]],"v":[[-18.577,-8.754],[18.15,-10.633],[-0.215,12.598]],"c":true}]},{"t":250}],"ix":2},"nm":"Path 1","mn":"ADBE Vector Shape - Group","hd":false},{"ty":"fl","c":{"a":0,"k":[0.255000005984,0.246999987434,0.298000021542,1],"ix":4},"o":{"a":0,"k":100,"ix":5},"r":1,"nm":"Fill 1","mn":"ADBE Vector Graphic - Fill","hd":false},{"ty":"tr","p":{"a":0,"k":[346.07,262.858],"ix":2},"a":{"a":0,"k":[0,0],"ix":1},"s":{"a":0,"k":[99.619,99.619],"ix":3},"r":{"a":0,"k":0,"ix":6},"o":{"a":0,"k":100,"ix":7},"sk":{"a":0,"k":0,"ix":4},"sa":{"a":0,"k":0,"ix":5},"nm":"Transform"}],"nm":"Group 12","np":2,"cix":2,"ix":12,"mn":"ADBE Vector Group","hd":false},{"ty":"gr","it":[{"ind":0,"ty":"sh","ix":1,"ks":{"a":0,"k":{"i":[[0,0],[-121.452,70.719],[0,0],[157.332,19.567]],"o":[[0,0],[6.572,18.971],[0,0],[-5.646,-9.318]],"v":[[-134.48,2.74],[126.352,-56.263],[141.898,-17.063],[-136.252,36.696]],"c":true},"ix":2},"nm":"Path 1","mn":"ADBE Vector Shape - Group","hd":false},{"ty":"fl","c":{"a":0,"k":[0.395999983245,0.545000023935,0.917999985639,1],"ix":4},"o":{"a":0,"k":100,"ix":5},"r":1,"nm":"Fill 1","mn":"ADBE Vector Graphic - Fill","hd":false},{"ty":"tr","p":{"a":0,"k":[521.939,403.804],"ix":2},"a":{"a":0,"k":[0,0],"ix":1},"s":{"a":0,"k":[100,100],"ix":3},"r":{"a":0,"k":0,"ix":6},"o":{"a":0,"k":100,"ix":7},"sk":{"a":0,"k":0,"ix":4},"sa":{"a":0,"k":0,"ix":5},"nm":"Transform"}],"nm":"Group 13","np":2,"cix":2,"ix":13,"mn":"ADBE Vector Group","hd":false},{"ty":"gr","it":[{"ind":0,"ty":"sh","ix":1,"ks":{"a":0,"k":{"i":[[2.677,-5.146],[-0.191,-6.551],[0.171,5.801],[-2.299,4.42]],"o":[[-3.085,5.93],[0.17,5.777],[-0.141,-4.84],[2.669,-5.132]],"v":[[-3.557,-9.772],[-6.691,9.117],[2.309,9.117],[4.214,-5.23]],"c":true},"ix":2},"nm":"Path 1","mn":"ADBE Vector Shape - Group","hd":false},{"ty":"fl","c":{"a":0,"k":[0.969000004787,0.455000005984,0.725,1],"ix":4},"o":{"a":0,"k":100,"ix":5},"r":1,"nm":"Fill 1","mn":"ADBE Vector Graphic - Fill","hd":false},{"ty":"tr","p":{"a":0,"k":[498.725,782.985],"ix":2},"a":{"a":0,"k":[0,0],"ix":1},"s":{"a":0,"k":[100,100],"ix":3},"r":{"a":0,"k":0,"ix":6},"o":{"a":0,"k":100,"ix":7},"sk":{"a":0,"k":0,"ix":4},"sa":{"a":0,"k":0,"ix":5},"nm":"Transform"}],"nm":"Group 14","np":2,"cix":2,"ix":14,"mn":"ADBE Vector Group","hd":false},{"ty":"gr","it":[{"ind":0,"ty":"sh","ix":1,"ks":{"a":0,"k":{"i":[[0.997,-2.21],[-0.574,-6.198],[0.534,5.776],[-1.897,4.202],[2.239,1.341]],"o":[[-2.548,5.646],[0.529,5.72],[-0.422,-4.555],[1.007,-2.231],[-1.917,-1.15]],"v":[[-2.501,-10.397],[-5.702,7.385],[3.298,7.385],[5.27,-5.854],[3.656,-12.011]],"c":true},"ix":2},"nm":"Path 1","mn":"ADBE Vector Shape - Group","hd":false},{"ty":"fl","c":{"a":0,"k":[0.969000004787,0.455000005984,0.725,1],"ix":4},"o":{"a":0,"k":100,"ix":5},"r":1,"nm":"Fill 1","mn":"ADBE Vector Graphic - Fill","hd":false},{"ty":"tr","p":{"a":0,"k":[467.83,783.068],"ix":2},"a":{"a":0,"k":[0,0],"ix":1},"s":{"a":0,"k":[100,100],"ix":3},"r":{"a":0,"k":0,"ix":6},"o":{"a":0,"k":100,"ix":7},"sk":{"a":0,"k":0,"ix":4},"sa":{"a":0,"k":0,"ix":5},"nm":"Transform"}],"nm":"Group 15","np":2,"cix":2,"ix":15,"mn":"ADBE Vector Group","hd":false},{"ty":"gr","it":[{"ind":0,"ty":"sh","ix":1,"ks":{"a":0,"k":{"i":[[5.412,-2.1],[11.296,-5.235],[-0.858,-9.613],[0.516,5.776],[-8.189,3.174],[-9.097,3.524]],"o":[[-11.608,4.499],[-8.694,4.033],[0.511,5.722],[-0.9,-10.079],[9.095,-3.527],[5.341,-2.073]],"v":[[20.644,-19.906],[-14.35,-6.253],[-27.519,16.229],[-18.519,16.229],[-4.253,-0.65],[23.036,-11.227]],"c":true},"ix":2},"nm":"Path 1","mn":"ADBE Vector Shape - Group","hd":false},{"ty":"fl","c":{"a":0,"k":[0.969000004787,0.455000005984,0.725,1],"ix":4},"o":{"a":0,"k":100,"ix":5},"r":1,"nm":"Fill 1","mn":"ADBE Vector Graphic - Fill","hd":false},{"ty":"tr","p":{"a":0,"k":[588.267,775.376],"ix":2},"a":{"a":0,"k":[0,0],"ix":1},"s":{"a":0,"k":[100,100],"ix":3},"r":{"a":0,"k":0,"ix":6},"o":{"a":0,"k":100,"ix":7},"sk":{"a":0,"k":0,"ix":4},"sa":{"a":0,"k":0,"ix":5},"nm":"Transform"}],"nm":"Group 16","np":2,"cix":2,"ix":16,"mn":"ADBE Vector Group","hd":false},{"ty":"gr","it":[{"ind":0,"ty":"sh","ix":1,"ks":{"a":0,"k":{"i":[[5.202,-2.498],[10.297,-11.525],[3.375,-14.915],[-5.832,-14.684],[-11.697,-6.171],[-17.863,0.264],[5.804,-0.086],[15.484,9.937],[-1.329,17.364],[-9.696,14.774],[-6.821,5.972],[-8.492,4.079]],"o":[[-14.003,6.725],[-10.268,11.489],[-3.378,14.945],[4.92,12.385],[16.067,8.481],[5.786,-0.086],[-17.924,0.265],[-14.664,-9.414],[1.33,-17.407],[5.008,-7.63],[7.047,-6.172],[5.22,-2.506]],"v":[[18.436,-76.791],[-19.1,-46.874],[-38.793,-6.269],[-39.524,40.727],[-12.938,69.231],[39.552,79.025],[39.552,70.025],[-12.823,58.885],[-33.422,17.556],[-18.41,-33.171],[0.246,-52.924],[22.979,-69.02]],"c":true},"ix":2},"nm":"Path 1","mn":"ADBE Vector Shape - Group","hd":false},{"ty":"fl","c":{"a":0,"k":[0.969000004787,0.455000005984,0.725,1],"ix":4},"o":{"a":0,"k":100,"ix":5},"r":1,"nm":"Fill 1","mn":"ADBE Vector Graphic - Fill","hd":false},{"ty":"tr","p":{"a":0,"k":[605.344,687.278],"ix":2},"a":{"a":0,"k":[0,0],"ix":1},"s":{"a":0,"k":[100,100],"ix":3},"r":{"a":0,"k":0,"ix":6},"o":{"a":0,"k":100,"ix":7},"sk":{"a":0,"k":0,"ix":4},"sa":{"a":0,"k":0,"ix":5},"nm":"Transform"}],"nm":"Group 17","np":2,"cix":2,"ix":17,"mn":"ADBE Vector Group","hd":false},{"ty":"gr","it":[{"ind":0,"ty":"sh","ix":1,"ks":{"a":0,"k":{"i":[[13.25,0.25],[0,0],[-7.25,-61.75],[-29.25,5.75],[-4,24.5],[0,0],[18,43.5],[0,0]],"o":[[-13.25,-0.25],[0,0],[5,74.5],[29.25,-5.75],[4,-24.5],[0,0],[-18,-43.5],[0,0]],"v":[[44.75,-115],[8.75,-69.75],[-27,111.25],[85.75,197.25],[120.75,143],[131,20.75],[107.75,-52],[58.5,-110.5]],"c":true},"ix":2},"nm":"Path 1","mn":"ADBE Vector Shape - Group","hd":false},{"ty":"st","c":{"a":0,"k":[0.996078012504,0.760783954695,0.447059003045,1],"ix":3},"o":{"a":0,"k":100,"ix":4},"w":{"a":0,"k":36,"ix":5},"lc":1,"lj":1,"ml":4,"ml2":{"a":0,"k":4,"ix":8},"nm":"Stroke 1","mn":"ADBE Vector Graphic - Stroke","hd":true},{"ty":"fl","c":{"a":0,"k":[1,0.713725490196,0.862745157878,1],"ix":4},"o":{"a":0,"k":100,"ix":5},"r":1,"nm":"Fill 1","mn":"ADBE Vector Graphic - Fill","hd":false},{"ty":"tr","p":{"a":0,"k":[363.224,550.526],"ix":2},"a":{"a":0,"k":[0,0],"ix":1},"s":{"a":0,"k":[106.021,106.021],"ix":3},"r":{"a":0,"k":0,"ix":6},"o":{"a":0,"k":100,"ix":7},"sk":{"a":0,"k":0,"ix":4},"sa":{"a":0,"k":0,"ix":5},"nm":"Transform"}],"nm":"Shape 1","np":3,"cix":2,"ix":18,"mn":"ADBE Vector Group","hd":false},{"ty":"gr","it":[{"ind":0,"ty":"sh","ix":1,"ks":{"a":0,"k":{"i":[[0.552,-5.724],[8.028,-28.259],[4.605,-13.705],[2.401,-6.818],[4.821,-5.284],[-3.915,4.288],[-4.42,12.995],[-4.249,14.808],[-2.953,30.713]],"o":[[-2.814,29.272],[-3.953,13.91],[-2.304,6.85],[-2.332,6.625],[-3.898,4.269],[9.48,-10.384],[4.96,-14.582],[8.501,-29.63],[0.556,-5.762]],"v":[[20.422,-85.89],[3.318,0.439],[-9.614,41.841],[-16.677,62.339],[-26.081,81],[-19.719,87.364],[-2.446,48.702],[11.48,4.644],[29.422,-85.89]],"c":true},"ix":2},"nm":"Path 1","mn":"ADBE Vector Shape - Group","hd":false},{"ty":"fl","c":{"a":0,"k":[0.969000004787,0.455000005984,0.725,1],"ix":4},"o":{"a":0,"k":100,"ix":5},"r":1,"nm":"Fill 1","mn":"ADBE Vector Graphic - Fill","hd":false},{"ty":"tr","p":{"a":0,"k":[557.607,702.728],"ix":2},"a":{"a":0,"k":[0,0],"ix":1},"s":{"a":0,"k":[100,100],"ix":3},"r":{"a":0,"k":0,"ix":6},"o":{"a":0,"k":100,"ix":7},"sk":{"a":0,"k":0,"ix":4},"sa":{"a":0,"k":0,"ix":5},"nm":"Transform"}],"nm":"Group 18","np":2,"cix":2,"ix":19,"mn":"ADBE Vector Group","hd":false},{"ty":"gr","it":[{"ind":0,"ty":"sh","ix":1,"ks":{"a":0,"k":{"i":[[-0.009,-5.801],[3.603,-36.9],[3.279,-18.171],[17.238,-2.218],[-5.737,0.736],[-3.599,15.355],[-1.949,19.636],[0.063,41.041]],"o":[[0.057,37.107],[-1.794,18.359],[-2.416,13.385],[-5.665,0.727],[17.279,-2.224],[4.509,-19.244],[4.049,-40.797],[-0.009,-5.791]],"v":[[16.44,-104.724],[9.524,6.25],[2.82,61.198],[-19.766,100.79],[-19.766,109.79],[8.835,76.644],[17.371,17.994],[25.44,-104.724]],"c":true},"ix":2},"nm":"Path 1","mn":"ADBE Vector Shape - Group","hd":false},{"ty":"fl","c":{"a":0,"k":[0.969000004787,0.455000005984,0.725,1],"ix":4},"o":{"a":0,"k":100,"ix":5},"r":1,"nm":"Fill 1","mn":"ADBE Vector Graphic - Fill","hd":false},{"ty":"tr","p":{"a":0,"k":[485.066,649.528],"ix":2},"a":{"a":0,"k":[0,0],"ix":1},"s":{"a":0,"k":[100,100],"ix":3},"r":{"a":0,"k":0,"ix":6},"o":{"a":0,"k":100,"ix":7},"sk":{"a":0,"k":0,"ix":4},"sa":{"a":0,"k":0,"ix":5},"nm":"Transform"}],"nm":"Group 19","np":2,"cix":2,"ix":20,"mn":"ADBE Vector Group","hd":false},{"ty":"gr","it":[{"ty":"fl","c":{"a":0,"k":[1,0.713999968884,0.862999949736,1],"ix":4},"o":{"a":0,"k":100,"ix":5},"r":1,"nm":"Fill 1","mn":"ADBE Vector Graphic - Fill","hd":false},{"ty":"tr","p":{"a":0,"k":[415.399,610.794],"ix":2},"a":{"a":0,"k":[0,0],"ix":1},"s":{"a":0,"k":[100,100],"ix":3},"r":{"a":0,"k":0,"ix":6},"o":{"a":0,"k":100,"ix":7},"sk":{"a":0,"k":0,"ix":4},"sa":{"a":0,"k":0,"ix":5},"nm":"Transform"}],"nm":"Group 20","np":1,"cix":2,"ix":21,"mn":"ADBE Vector Group","hd":false},{"ty":"gr","it":[{"ind":0,"ty":"sh","ix":1,"ks":{"a":0,"k":{"i":[[0,0],[-8.329,-44.584],[-4.098,-26.647],[-49.189,22.971]],"o":[[0,0],[5.8,31.061],[4.1,26.648],[-6.153,-76.265]],"v":[[-29.404,-117.045],[-61.175,-28.825],[-13.006,45.993],[69.504,94.074]],"c":true},"ix":2},"nm":"Path 1","mn":"ADBE Vector Shape - Group","hd":false},{"ty":"mm","mm":4,"nm":"Merge Paths 1","mn":"ADBE Vector Filter - Merge","hd":false},{"ty":"fl","c":{"a":0,"k":[0.969000004787,0.455000005984,0.725,1],"ix":4},"o":{"a":0,"k":100,"ix":5},"r":1,"nm":"Fill 1","mn":"ADBE Vector Graphic - Fill","hd":false},{"ty":"tr","p":{"a":0,"k":[709.466,536.253],"ix":2},"a":{"a":0,"k":[0,0],"ix":1},"s":{"a":0,"k":[100,100],"ix":3},"r":{"a":0,"k":0,"ix":6},"o":{"a":0,"k":100,"ix":7},"sk":{"a":0,"k":0,"ix":4},"sa":{"a":0,"k":0,"ix":5},"nm":"Transform"}],"nm":"Group 23","np":3,"cix":2,"ix":22,"mn":"ADBE Vector Group","hd":false},{"ty":"gr","it":[{"ind":0,"ty":"sh","ix":1,"ks":{"a":0,"k":{"i":[[0,0],[-28.443,-46.12],[1.537,-73.11],[38.212,-11.102],[22.206,-2.903],[15.03,12.47],[16.739,-8.711],[11.104,2.904],[-18.619,11.445],[18.54,75.118],[-9.966,28.46],[5.636,26.391]],"o":[[7.814,31.516],[28.439,46.121],[-1.537,73.11],[-38.212,11.104],[-22.207,2.904],[-15.032,-12.47],[-16.741,8.712],[-11.102,-2.903],[-30.404,9.737],[-14.862,-60.214],[10.226,-29.195],[37.151,-10.506]],"v":[[95.062,-233.082],[177.825,-71.659],[229.836,105.48],[162.484,209.679],[78.493,220.612],[18.024,220.612],[-21.607,209.508],[-91.984,212.925],[-89.935,176.37],[-216.511,102.064],[-176.54,-111.118],[-167.314,-182.861]],"c":true},"ix":2},"nm":"Path 1","mn":"ADBE Vector Shape - Group","hd":false},{"ty":"fl","c":{"a":0,"k":[1,0.592000026329,0.788000009574,1],"ix":4},"o":{"a":0,"k":100,"ix":5},"r":1,"nm":"Fill 1","mn":"ADBE Vector Graphic - Fill","hd":false},{"ty":"tr","p":{"a":0,"k":[553.228,580.623],"ix":2},"a":{"a":0,"k":[0,0],"ix":1},"s":{"a":0,"k":[100,100],"ix":3},"r":{"a":0,"k":0,"ix":6},"o":{"a":0,"k":100,"ix":7},"sk":{"a":0,"k":0,"ix":4},"sa":{"a":0,"k":0,"ix":5},"nm":"Transform"}],"nm":"Group 24","np":2,"cix":2,"ix":23,"mn":"ADBE Vector Group","hd":false},{"ty":"gr","it":[{"ind":0,"ty":"sh","ix":1,"ks":{"a":1,"k":[{"i":{"x":0.667,"y":1},"o":{"x":0.333,"y":0},"n":"0p667_1_0p333_0","t":45,"s":[{"i":[[0,0],[9.902,8.279],[-7.202,-16.673],[2.738,-0.393]],"o":[[0,0],[-9.068,-7.581],[1.098,2.539],[-16.269,2.332]],"v":[[-22.905,29.701],[-36.852,-21.696],[23.047,19.611],[19.782,25.422]],"c":true}],"e":[{"i":[[0,0],[-10.977,3.867],[-7.202,-16.673],[2.738,-0.393]],"o":[[0,0],[11.148,-3.926],[1.098,2.539],[-16.269,2.332]],"v":[[-22.905,29.701],[-13.168,-25.774],[23.047,19.611],[19.782,25.422]],"c":true}]},{"i":{"x":0.667,"y":1},"o":{"x":0.333,"y":0},"n":"0p667_1_0p333_0","t":55,"s":[{"i":[[0,0],[-10.977,3.867],[-7.202,-16.673],[2.738,-0.393]],"o":[[0,0],[11.148,-3.926],[1.098,2.539],[-16.269,2.332]],"v":[[-22.905,29.701],[-13.168,-25.774],[23.047,19.611],[19.782,25.422]],"c":true}],"e":[{"i":[[0,0],[9.902,8.279],[-7.202,-16.673],[2.738,-0.393]],"o":[[0,0],[-9.068,-7.581],[1.098,2.539],[-16.269,2.332]],"v":[[-22.905,29.701],[-36.852,-21.696],[23.047,19.611],[19.782,25.422]],"c":true}]},{"i":{"x":0.667,"y":1},"o":{"x":0.333,"y":0},"n":"0p667_1_0p333_0","t":65,"s":[{"i":[[0,0],[9.902,8.279],[-7.202,-16.673],[2.738,-0.393]],"o":[[0,0],[-9.068,-7.581],[1.098,2.539],[-16.269,2.332]],"v":[[-22.905,29.701],[-36.852,-21.696],[23.047,19.611],[19.782,25.422]],"c":true}],"e":[{"i":[[0,0],[9.902,8.279],[-7.202,-16.673],[2.738,-0.393]],"o":[[0,0],[-9.068,-7.581],[1.098,2.539],[-16.269,2.332]],"v":[[-22.905,29.701],[-36.852,-21.696],[23.047,19.611],[19.782,25.422]],"c":true}]},{"i":{"x":0.667,"y":1},"o":{"x":0.333,"y":0},"n":"0p667_1_0p333_0","t":75,"s":[{"i":[[0,0],[9.902,8.279],[-7.202,-16.673],[2.738,-0.393]],"o":[[0,0],[-9.068,-7.581],[1.098,2.539],[-16.269,2.332]],"v":[[-22.905,29.701],[-36.852,-21.696],[23.047,19.611],[19.782,25.422]],"c":true}],"e":[{"i":[[0,0],[9.902,8.279],[-7.202,-16.673],[2.738,-0.393]],"o":[[0,0],[-9.068,-7.581],[1.098,2.539],[-16.269,2.332]],"v":[[-22.905,29.701],[-36.852,-21.696],[23.047,19.611],[19.782,25.422]],"c":true}]},{"i":{"x":0.667,"y":1},"o":{"x":0.333,"y":0},"n":"0p667_1_0p333_0","t":135,"s":[{"i":[[0,0],[9.902,8.279],[-7.202,-16.673],[2.738,-0.393]],"o":[[0,0],[-9.068,-7.581],[1.098,2.539],[-16.269,2.332]],"v":[[-22.905,29.701],[-36.852,-21.696],[23.047,19.611],[19.782,25.422]],"c":true}],"e":[{"i":[[0,0],[-10.977,3.867],[-7.202,-16.673],[2.738,-0.393]],"o":[[0,0],[11.148,-3.926],[1.098,2.539],[-16.269,2.332]],"v":[[-22.905,29.701],[-13.168,-25.774],[23.047,19.611],[19.782,25.422]],"c":true}]},{"i":{"x":0.667,"y":1},"o":{"x":0.333,"y":0},"n":"0p667_1_0p333_0","t":145,"s":[{"i":[[0,0],[-10.977,3.867],[-7.202,-16.673],[2.738,-0.393]],"o":[[0,0],[11.148,-3.926],[1.098,2.539],[-16.269,2.332]],"v":[[-22.905,29.701],[-13.168,-25.774],[23.047,19.611],[19.782,25.422]],"c":true}],"e":[{"i":[[0,0],[9.902,8.279],[-7.202,-16.673],[2.738,-0.393]],"o":[[0,0],[-9.068,-7.581],[1.098,2.539],[-16.269,2.332]],"v":[[-22.905,29.701],[-36.852,-21.696],[23.047,19.611],[19.782,25.422]],"c":true}]},{"i":{"x":0.667,"y":1},"o":{"x":0.333,"y":0},"n":"0p667_1_0p333_0","t":155,"s":[{"i":[[0,0],[9.902,8.279],[-7.202,-16.673],[2.738,-0.393]],"o":[[0,0],[-9.068,-7.581],[1.098,2.539],[-16.269,2.332]],"v":[[-22.905,29.701],[-36.852,-21.696],[23.047,19.611],[19.782,25.422]],"c":true}],"e":[{"i":[[0,0],[9.902,8.279],[-7.202,-16.673],[2.738,-0.393]],"o":[[0,0],[-9.068,-7.581],[1.098,2.539],[-16.269,2.332]],"v":[[-22.905,29.701],[-36.852,-21.696],[23.047,19.611],[19.782,25.422]],"c":true}]},{"i":{"x":0.667,"y":1},"o":{"x":0.333,"y":0},"n":"0p667_1_0p333_0","t":165,"s":[{"i":[[0,0],[9.902,8.279],[-7.202,-16.673],[2.738,-0.393]],"o":[[0,0],[-9.068,-7.581],[1.098,2.539],[-16.269,2.332]],"v":[[-22.905,29.701],[-36.852,-21.696],[23.047,19.611],[19.782,25.422]],"c":true}],"e":[{"i":[[0,0],[9.902,8.279],[-7.202,-16.673],[2.738,-0.393]],"o":[[0,0],[-9.068,-7.581],[1.098,2.539],[-16.269,2.332]],"v":[[-22.905,29.701],[-36.852,-21.696],[23.047,19.611],[19.782,25.422]],"c":true}]},{"i":{"x":0.667,"y":1},"o":{"x":0.333,"y":0},"n":"0p667_1_0p333_0","t":225,"s":[{"i":[[0,0],[9.902,8.279],[-7.202,-16.673],[2.738,-0.393]],"o":[[0,0],[-9.068,-7.581],[1.098,2.539],[-16.269,2.332]],"v":[[-22.905,29.701],[-36.852,-21.696],[23.047,19.611],[19.782,25.422]],"c":true}],"e":[{"i":[[0,0],[-10.977,3.867],[-7.202,-16.673],[2.738,-0.393]],"o":[[0,0],[11.148,-3.926],[1.098,2.539],[-16.269,2.332]],"v":[[-22.905,29.701],[-13.168,-25.774],[23.047,19.611],[19.782,25.422]],"c":true}]},{"i":{"x":0.667,"y":1},"o":{"x":0.333,"y":0},"n":"0p667_1_0p333_0","t":235,"s":[{"i":[[0,0],[-10.977,3.867],[-7.202,-16.673],[2.738,-0.393]],"o":[[0,0],[11.148,-3.926],[1.098,2.539],[-16.269,2.332]],"v":[[-22.905,29.701],[-13.168,-25.774],[23.047,19.611],[19.782,25.422]],"c":true}],"e":[{"i":[[0,0],[9.902,8.279],[-7.202,-16.673],[2.738,-0.393]],"o":[[0,0],[-9.068,-7.581],[1.098,2.539],[-16.269,2.332]],"v":[[-22.905,29.701],[-36.852,-21.696],[23.047,19.611],[19.782,25.422]],"c":true}]},{"i":{"x":0.667,"y":1},"o":{"x":0.333,"y":0},"n":"0p667_1_0p333_0","t":245,"s":[{"i":[[0,0],[9.902,8.279],[-7.202,-16.673],[2.738,-0.393]],"o":[[0,0],[-9.068,-7.581],[1.098,2.539],[-16.269,2.332]],"v":[[-22.905,29.701],[-36.852,-21.696],[23.047,19.611],[19.782,25.422]],"c":true}],"e":[{"i":[[0,0],[9.902,8.279],[-7.202,-16.673],[2.738,-0.393]],"o":[[0,0],[-9.068,-7.581],[1.098,2.539],[-16.269,2.332]],"v":[[-22.905,29.701],[-36.852,-21.696],[23.047,19.611],[19.782,25.422]],"c":true}]},{"t":255}],"ix":2},"nm":"Path 1","mn":"ADBE Vector Shape - Group","hd":false},{"ty":"fl","c":{"a":0,"k":[1,0.713999968884,0.862999949736,1],"ix":4},"o":{"a":0,"k":100,"ix":5},"r":1,"nm":"Fill 1","mn":"ADBE Vector Graphic - Fill","hd":false},{"ty":"tr","p":{"a":0,"k":[374.187,127.89],"ix":2},"a":{"a":0,"k":[0,0],"ix":1},"s":{"a":0,"k":[100,100],"ix":3},"r":{"a":0,"k":0,"ix":6},"o":{"a":0,"k":100,"ix":7},"sk":{"a":0,"k":0,"ix":4},"sa":{"a":0,"k":0,"ix":5},"nm":"Transform"}],"nm":"Group 25","np":2,"cix":2,"ix":24,"mn":"ADBE Vector Group","hd":false},{"ty":"gr","it":[{"ind":0,"ty":"sh","ix":1,"ks":{"a":0,"k":{"i":[[0,0],[-13.153,-0.256],[-0.99,-18.134],[2.706,0.578]],"o":[[0,0],[11.817,0.23],[0.152,2.763],[-16.07,-3.439]],"v":[[-23.378,18.805],[4.945,-29.878],[23.227,25.232],[18.152,29.555]],"c":true},"ix":2},"nm":"Path 1","mn":"ADBE Vector Shape - Group","hd":false},{"ty":"fl","c":{"a":0,"k":[1,0.713999968884,0.862999949736,1],"ix":4},"o":{"a":0,"k":100,"ix":5},"r":1,"nm":"Fill 1","mn":"ADBE Vector Graphic - Fill","hd":false},{"ty":"tr","p":{"a":0,"k":[556.313,139.554],"ix":2},"a":{"a":0,"k":[0,0],"ix":1},"s":{"a":0,"k":[100,100],"ix":3},"r":{"a":0,"k":0,"ix":6},"o":{"a":0,"k":100,"ix":7},"sk":{"a":0,"k":0,"ix":4},"sa":{"a":0,"k":0,"ix":5},"nm":"Transform"}],"nm":"Group 26","np":2,"cix":2,"ix":25,"mn":"ADBE Vector Group","hd":false},{"ty":"gr","it":[{"ind":0,"ty":"sh","ix":1,"ks":{"a":1,"k":[{"i":{"x":0.667,"y":1},"o":{"x":0.333,"y":0},"n":"0p667_1_0p333_0","t":45,"s":[{"i":[[0,0],[16.655,10.505],[-6.956,-9.477],[0,0],[17.424,-47.402],[-109.921,-12.812],[-48.428,32.797],[5.124,28.953],[17.424,-0.103],[6.663,-24.598]],"o":[[0,0],[-16.655,-10.506],[12.771,17.399],[0,0],[-17.423,47.402],[109.922,12.811],[-15.887,-80.2],[-5.125,-28.954],[-17.424,0.102],[-45.865,-5.38]],"v":[[-28.569,-99.032],[-89.054,-151.205],[-120.827,-145.569],[-105.951,-93.907],[-169.495,-3.715],[-80.841,152.584],[190.761,96.214],[147.203,-117.48],[108.768,-160.629],[63.159,-95.445]],"c":true}],"e":[{"i":[[0,0],[16.655,10.505],[4.101,-11.017],[0,0],[17.424,-47.402],[-109.921,-12.812],[-48.428,32.797],[5.124,28.953],[17.424,-0.103],[6.663,-24.598]],"o":[[0,0],[-16.655,-10.506],[-4.099,11.018],[0,0],[-17.423,47.402],[109.922,12.811],[-15.887,-80.2],[-5.125,-28.954],[-17.424,0.102],[-45.865,-5.38]],"v":[[-28.569,-99.032],[-69.053,-154.889],[-100.827,-149.253],[-105.951,-93.907],[-169.495,-3.715],[-80.841,152.584],[190.761,96.214],[147.203,-117.48],[108.768,-160.629],[63.159,-95.445]],"c":true}]},{"i":{"x":0.667,"y":1},"o":{"x":0.333,"y":0},"n":"0p667_1_0p333_0","t":55,"s":[{"i":[[0,0],[16.655,10.505],[4.101,-11.017],[0,0],[17.424,-47.402],[-109.921,-12.812],[-48.428,32.797],[5.124,28.953],[17.424,-0.103],[6.663,-24.598]],"o":[[0,0],[-16.655,-10.506],[-4.099,11.018],[0,0],[-17.423,47.402],[109.922,12.811],[-15.887,-80.2],[-5.125,-28.954],[-17.424,0.102],[-45.865,-5.38]],"v":[[-28.569,-99.032],[-69.053,-154.889],[-100.827,-149.253],[-105.951,-93.907],[-169.495,-3.715],[-80.841,152.584],[190.761,96.214],[147.203,-117.48],[108.768,-160.629],[63.159,-95.445]],"c":true}],"e":[{"i":[[0,0],[16.655,10.505],[-6.956,-9.477],[0,0],[17.424,-47.402],[-109.921,-12.812],[-48.428,32.797],[5.124,28.953],[17.424,-0.103],[6.663,-24.598]],"o":[[0,0],[-16.655,-10.506],[12.771,17.399],[0,0],[-17.423,47.402],[109.922,12.811],[-15.887,-80.2],[-5.125,-28.954],[-17.424,0.102],[-45.865,-5.38]],"v":[[-28.569,-99.032],[-89.054,-151.205],[-120.827,-145.569],[-105.951,-93.907],[-169.495,-3.715],[-80.841,152.584],[190.761,96.214],[147.203,-117.48],[108.768,-160.629],[63.159,-95.445]],"c":true}]},{"i":{"x":0.667,"y":1},"o":{"x":0.333,"y":0},"n":"0p667_1_0p333_0","t":65,"s":[{"i":[[0,0],[16.655,10.505],[-6.956,-9.477],[0,0],[17.424,-47.402],[-109.921,-12.812],[-48.428,32.797],[5.124,28.953],[17.424,-0.103],[6.663,-24.598]],"o":[[0,0],[-16.655,-10.506],[12.771,17.399],[0,0],[-17.423,47.402],[109.922,12.811],[-15.887,-80.2],[-5.125,-28.954],[-17.424,0.102],[-45.865,-5.38]],"v":[[-28.569,-99.032],[-89.054,-151.205],[-120.827,-145.569],[-105.951,-93.907],[-169.495,-3.715],[-80.841,152.584],[190.761,96.214],[147.203,-117.48],[108.768,-160.629],[63.159,-95.445]],"c":true}],"e":[{"i":[[0,0],[16.655,10.505],[-6.956,-9.477],[0,0],[17.424,-47.402],[-109.921,-12.812],[-48.428,32.797],[5.124,28.953],[17.424,-0.103],[6.663,-24.598]],"o":[[0,0],[-16.655,-10.506],[12.771,17.399],[0,0],[-17.423,47.402],[109.922,12.811],[-15.887,-80.2],[-5.125,-28.954],[-17.424,0.102],[-45.865,-5.38]],"v":[[-28.569,-99.032],[-89.054,-151.205],[-120.827,-145.569],[-105.951,-93.907],[-169.495,-3.715],[-80.841,152.584],[190.761,96.214],[147.203,-117.48],[108.768,-160.629],[63.159,-95.445]],"c":true}]},{"i":{"x":0.667,"y":1},"o":{"x":0.333,"y":0},"n":"0p667_1_0p333_0","t":75,"s":[{"i":[[0,0],[16.655,10.505],[-6.956,-9.477],[0,0],[17.424,-47.402],[-109.921,-12.812],[-48.428,32.797],[5.124,28.953],[17.424,-0.103],[6.663,-24.598]],"o":[[0,0],[-16.655,-10.506],[12.771,17.399],[0,0],[-17.423,47.402],[109.922,12.811],[-15.887,-80.2],[-5.125,-28.954],[-17.424,0.102],[-45.865,-5.38]],"v":[[-28.569,-99.032],[-89.054,-151.205],[-120.827,-145.569],[-105.951,-93.907],[-169.495,-3.715],[-80.841,152.584],[190.761,96.214],[147.203,-117.48],[108.768,-160.629],[63.159,-95.445]],"c":true}],"e":[{"i":[[0,0],[16.655,10.505],[-6.956,-9.477],[0,0],[17.424,-47.402],[-109.921,-12.812],[-48.428,32.797],[5.124,28.953],[17.424,-0.103],[6.663,-24.598]],"o":[[0,0],[-16.655,-10.506],[12.771,17.399],[0,0],[-17.423,47.402],[109.922,12.811],[-15.887,-80.2],[-5.125,-28.954],[-17.424,0.102],[-45.865,-5.38]],"v":[[-28.569,-99.032],[-89.054,-151.205],[-120.827,-145.569],[-105.951,-93.907],[-169.495,-3.715],[-80.841,152.584],[190.761,96.214],[147.203,-117.48],[108.768,-160.629],[63.159,-95.445]],"c":true}]},{"i":{"x":0.667,"y":1},"o":{"x":0.333,"y":0},"n":"0p667_1_0p333_0","t":135,"s":[{"i":[[0,0],[16.655,10.505],[-6.956,-9.477],[0,0],[17.424,-47.402],[-109.921,-12.812],[-48.428,32.797],[5.124,28.953],[17.424,-0.103],[6.663,-24.598]],"o":[[0,0],[-16.655,-10.506],[12.771,17.399],[0,0],[-17.423,47.402],[109.922,12.811],[-15.887,-80.2],[-5.125,-28.954],[-17.424,0.102],[-45.865,-5.38]],"v":[[-28.569,-99.032],[-89.054,-151.205],[-120.827,-145.569],[-105.951,-93.907],[-169.495,-3.715],[-80.841,152.584],[190.761,96.214],[147.203,-117.48],[108.768,-160.629],[63.159,-95.445]],"c":true}],"e":[{"i":[[0,0],[16.655,10.505],[4.101,-11.017],[0,0],[17.424,-47.402],[-109.921,-12.812],[-48.428,32.797],[5.124,28.953],[17.424,-0.103],[6.663,-24.598]],"o":[[0,0],[-16.655,-10.506],[-4.099,11.018],[0,0],[-17.423,47.402],[109.922,12.811],[-15.887,-80.2],[-5.125,-28.954],[-17.424,0.102],[-45.865,-5.38]],"v":[[-28.569,-99.032],[-69.053,-154.889],[-100.827,-149.253],[-105.951,-93.907],[-169.495,-3.715],[-80.841,152.584],[190.761,96.214],[147.203,-117.48],[108.768,-160.629],[63.159,-95.445]],"c":true}]},{"i":{"x":0.667,"y":1},"o":{"x":0.333,"y":0},"n":"0p667_1_0p333_0","t":145,"s":[{"i":[[0,0],[16.655,10.505],[4.101,-11.017],[0,0],[17.424,-47.402],[-109.921,-12.812],[-48.428,32.797],[5.124,28.953],[17.424,-0.103],[6.663,-24.598]],"o":[[0,0],[-16.655,-10.506],[-4.099,11.018],[0,0],[-17.423,47.402],[109.922,12.811],[-15.887,-80.2],[-5.125,-28.954],[-17.424,0.102],[-45.865,-5.38]],"v":[[-28.569,-99.032],[-69.053,-154.889],[-100.827,-149.253],[-105.951,-93.907],[-169.495,-3.715],[-80.841,152.584],[190.761,96.214],[147.203,-117.48],[108.768,-160.629],[63.159,-95.445]],"c":true}],"e":[{"i":[[0,0],[16.655,10.505],[-6.956,-9.477],[0,0],[17.424,-47.402],[-109.921,-12.812],[-48.428,32.797],[5.124,28.953],[17.424,-0.103],[6.663,-24.598]],"o":[[0,0],[-16.655,-10.506],[12.771,17.399],[0,0],[-17.423,47.402],[109.922,12.811],[-15.887,-80.2],[-5.125,-28.954],[-17.424,0.102],[-45.865,-5.38]],"v":[[-28.569,-99.032],[-89.054,-151.205],[-120.827,-145.569],[-105.951,-93.907],[-169.495,-3.715],[-80.841,152.584],[190.761,96.214],[147.203,-117.48],[108.768,-160.629],[63.159,-95.445]],"c":true}]},{"i":{"x":0.667,"y":1},"o":{"x":0.333,"y":0},"n":"0p667_1_0p333_0","t":155,"s":[{"i":[[0,0],[16.655,10.505],[-6.956,-9.477],[0,0],[17.424,-47.402],[-109.921,-12.812],[-48.428,32.797],[5.124,28.953],[17.424,-0.103],[6.663,-24.598]],"o":[[0,0],[-16.655,-10.506],[12.771,17.399],[0,0],[-17.423,47.402],[109.922,12.811],[-15.887,-80.2],[-5.125,-28.954],[-17.424,0.102],[-45.865,-5.38]],"v":[[-28.569,-99.032],[-89.054,-151.205],[-120.827,-145.569],[-105.951,-93.907],[-169.495,-3.715],[-80.841,152.584],[190.761,96.214],[147.203,-117.48],[108.768,-160.629],[63.159,-95.445]],"c":true}],"e":[{"i":[[0,0],[16.655,10.505],[-6.956,-9.477],[0,0],[17.424,-47.402],[-109.921,-12.812],[-48.428,32.797],[5.124,28.953],[17.424,-0.103],[6.663,-24.598]],"o":[[0,0],[-16.655,-10.506],[12.771,17.399],[0,0],[-17.423,47.402],[109.922,12.811],[-15.887,-80.2],[-5.125,-28.954],[-17.424,0.102],[-45.865,-5.38]],"v":[[-28.569,-99.032],[-89.054,-151.205],[-120.827,-145.569],[-105.951,-93.907],[-169.495,-3.715],[-80.841,152.584],[190.761,96.214],[147.203,-117.48],[108.768,-160.629],[63.159,-95.445]],"c":true}]},{"i":{"x":0.667,"y":1},"o":{"x":0.333,"y":0},"n":"0p667_1_0p333_0","t":165,"s":[{"i":[[0,0],[16.655,10.505],[-6.956,-9.477],[0,0],[17.424,-47.402],[-109.921,-12.812],[-48.428,32.797],[5.124,28.953],[17.424,-0.103],[6.663,-24.598]],"o":[[0,0],[-16.655,-10.506],[12.771,17.399],[0,0],[-17.423,47.402],[109.922,12.811],[-15.887,-80.2],[-5.125,-28.954],[-17.424,0.102],[-45.865,-5.38]],"v":[[-28.569,-99.032],[-89.054,-151.205],[-120.827,-145.569],[-105.951,-93.907],[-169.495,-3.715],[-80.841,152.584],[190.761,96.214],[147.203,-117.48],[108.768,-160.629],[63.159,-95.445]],"c":true}],"e":[{"i":[[0,0],[16.655,10.505],[-6.956,-9.477],[0,0],[17.424,-47.402],[-109.921,-12.812],[-48.428,32.797],[5.124,28.953],[17.424,-0.103],[6.663,-24.598]],"o":[[0,0],[-16.655,-10.506],[12.771,17.399],[0,0],[-17.423,47.402],[109.922,12.811],[-15.887,-80.2],[-5.125,-28.954],[-17.424,0.102],[-45.865,-5.38]],"v":[[-28.569,-99.032],[-89.054,-151.205],[-120.827,-145.569],[-105.951,-93.907],[-169.495,-3.715],[-80.841,152.584],[190.761,96.214],[147.203,-117.48],[108.768,-160.629],[63.159,-95.445]],"c":true}]},{"i":{"x":0.667,"y":1},"o":{"x":0.333,"y":0},"n":"0p667_1_0p333_0","t":225,"s":[{"i":[[0,0],[16.655,10.505],[-6.956,-9.477],[0,0],[17.424,-47.402],[-109.921,-12.812],[-48.428,32.797],[5.124,28.953],[17.424,-0.103],[6.663,-24.598]],"o":[[0,0],[-16.655,-10.506],[12.771,17.399],[0,0],[-17.423,47.402],[109.922,12.811],[-15.887,-80.2],[-5.125,-28.954],[-17.424,0.102],[-45.865,-5.38]],"v":[[-28.569,-99.032],[-89.054,-151.205],[-120.827,-145.569],[-105.951,-93.907],[-169.495,-3.715],[-80.841,152.584],[190.761,96.214],[147.203,-117.48],[108.768,-160.629],[63.159,-95.445]],"c":true}],"e":[{"i":[[0,0],[16.655,10.505],[4.101,-11.017],[0,0],[17.424,-47.402],[-109.921,-12.812],[-48.428,32.797],[5.124,28.953],[17.424,-0.103],[6.663,-24.598]],"o":[[0,0],[-16.655,-10.506],[-4.099,11.018],[0,0],[-17.423,47.402],[109.922,12.811],[-15.887,-80.2],[-5.125,-28.954],[-17.424,0.102],[-45.865,-5.38]],"v":[[-28.569,-99.032],[-69.053,-154.889],[-100.827,-149.253],[-105.951,-93.907],[-169.495,-3.715],[-80.841,152.584],[190.761,96.214],[147.203,-117.48],[108.768,-160.629],[63.159,-95.445]],"c":true}]},{"i":{"x":0.667,"y":1},"o":{"x":0.333,"y":0},"n":"0p667_1_0p333_0","t":235,"s":[{"i":[[0,0],[16.655,10.505],[4.101,-11.017],[0,0],[17.424,-47.402],[-109.921,-12.812],[-48.428,32.797],[5.124,28.953],[17.424,-0.103],[6.663,-24.598]],"o":[[0,0],[-16.655,-10.506],[-4.099,11.018],[0,0],[-17.423,47.402],[109.922,12.811],[-15.887,-80.2],[-5.125,-28.954],[-17.424,0.102],[-45.865,-5.38]],"v":[[-28.569,-99.032],[-69.053,-154.889],[-100.827,-149.253],[-105.951,-93.907],[-169.495,-3.715],[-80.841,152.584],[190.761,96.214],[147.203,-117.48],[108.768,-160.629],[63.159,-95.445]],"c":true}],"e":[{"i":[[0,0],[16.655,10.505],[-6.956,-9.477],[0,0],[17.424,-47.402],[-109.921,-12.812],[-48.428,32.797],[5.124,28.953],[17.424,-0.103],[6.663,-24.598]],"o":[[0,0],[-16.655,-10.506],[12.771,17.399],[0,0],[-17.423,47.402],[109.922,12.811],[-15.887,-80.2],[-5.125,-28.954],[-17.424,0.102],[-45.865,-5.38]],"v":[[-28.569,-99.032],[-89.054,-151.205],[-120.827,-145.569],[-105.951,-93.907],[-169.495,-3.715],[-80.841,152.584],[190.761,96.214],[147.203,-117.48],[108.768,-160.629],[63.159,-95.445]],"c":true}]},{"i":{"x":0.667,"y":1},"o":{"x":0.333,"y":0},"n":"0p667_1_0p333_0","t":245,"s":[{"i":[[0,0],[16.655,10.505],[-6.956,-9.477],[0,0],[17.424,-47.402],[-109.921,-12.812],[-48.428,32.797],[5.124,28.953],[17.424,-0.103],[6.663,-24.598]],"o":[[0,0],[-16.655,-10.506],[12.771,17.399],[0,0],[-17.423,47.402],[109.922,12.811],[-15.887,-80.2],[-5.125,-28.954],[-17.424,0.102],[-45.865,-5.38]],"v":[[-28.569,-99.032],[-89.054,-151.205],[-120.827,-145.569],[-105.951,-93.907],[-169.495,-3.715],[-80.841,152.584],[190.761,96.214],[147.203,-117.48],[108.768,-160.629],[63.159,-95.445]],"c":true}],"e":[{"i":[[0,0],[16.655,10.505],[-6.956,-9.477],[0,0],[17.424,-47.402],[-109.921,-12.812],[-48.428,32.797],[5.124,28.953],[17.424,-0.103],[6.663,-24.598]],"o":[[0,0],[-16.655,-10.506],[12.771,17.399],[0,0],[-17.423,47.402],[109.922,12.811],[-15.887,-80.2],[-5.125,-28.954],[-17.424,0.102],[-45.865,-5.38]],"v":[[-28.569,-99.032],[-89.054,-151.205],[-120.827,-145.569],[-105.951,-93.907],[-169.495,-3.715],[-80.841,152.584],[190.761,96.214],[147.203,-117.48],[108.768,-160.629],[63.159,-95.445]],"c":true}]},{"t":255}],"ix":2},"nm":"Path 1","mn":"ADBE Vector Shape - Group","hd":false},{"ty":"fl","c":{"a":0,"k":[1,0.592000026329,0.788000009574,1],"ix":4},"o":{"a":0,"k":100,"ix":5},"r":1,"nm":"Fill 1","mn":"ADBE Vector Graphic - Fill","hd":false},{"ty":"tr","p":{"a":0,"k":[457.529,251.327],"ix":2},"a":{"a":0,"k":[0,0],"ix":1},"s":{"a":0,"k":[100,100],"ix":3},"r":{"a":0,"k":0,"ix":6},"o":{"a":0,"k":100,"ix":7},"sk":{"a":0,"k":0,"ix":4},"sa":{"a":0,"k":0,"ix":5},"nm":"Transform"}],"nm":"Group 27","np":2,"cix":2,"ix":26,"mn":"ADBE Vector Group","hd":false},{"ty":"gr","it":[{"ind":0,"ty":"sh","ix":1,"ks":{"a":0,"k":{"i":[[0,0],[3.501,-5.058],[1.751,-9.919],[-15.948,-3.111],[-8.741,0.387],[-7.973,56.012]],"o":[[0,0],[-3.501,5.057],[-1.75,9.92],[15.948,3.114],[8.74,-0.389],[-47.456,-21.588]],"v":[[-10.902,-52.318],[-16.348,-4.862],[-53.086,18.866],[-38.693,49.205],[20.034,51.151],[54.835,-29.757]],"c":true},"ix":2},"nm":"Path 1","mn":"ADBE Vector Shape - Group","hd":false},{"ty":"fl","c":{"a":0,"k":[0.969000004787,0.455000005984,0.725,1],"ix":4},"o":{"a":0,"k":100,"ix":5},"r":1,"nm":"Fill 1","mn":"ADBE Vector Graphic - Fill","hd":false},{"ty":"tr","p":{"a":0,"k":[357.114,735.177],"ix":2},"a":{"a":0,"k":[0,0],"ix":1},"s":{"a":0,"k":[100,100],"ix":3},"r":{"a":0,"k":0,"ix":6},"o":{"a":0,"k":100,"ix":7},"sk":{"a":0,"k":0,"ix":4},"sa":{"a":0,"k":0,"ix":5},"nm":"Transform"}],"nm":"Group 28","np":2,"cix":2,"ix":27,"mn":"ADBE Vector Group","hd":false},{"ty":"gr","it":[{"ind":0,"ty":"sh","ix":1,"ks":{"a":1,"k":[{"i":{"x":0.667,"y":1},"o":{"x":0.333,"y":0},"n":"0p667_1_0p333_0","t":0,"s":[{"i":[[0,0],[-3.751,-54.824],[45.354,-23.317],[-16.4,27.93],[62.007,55.087]],"o":[[0,0],[3.331,48.682],[-51.806,26.634],[16.397,-27.929],[0,-23.575]],"v":[[1.665,-115.808],[69.311,-32.789],[1.665,89.174],[-56.241,43.565],[-10.634,-82.497]],"c":true}],"e":[{"i":[[0,0],[-3.751,-54.824],[27.765,-35.12],[19.356,32.595],[-3.094,58.13]],"o":[[0,0],[3.331,48.682],[-32.671,41.325],[-18.315,-30.842],[0,-23.575]],"v":[[1.665,-115.808],[15.1,-25.421],[93.77,66.016],[-12.031,43.039],[-18.529,-80.918]],"c":true}]},{"i":{"x":0.667,"y":1},"o":{"x":0.333,"y":0},"n":"0p667_1_0p333_0","t":74.75,"s":[{"i":[[0,0],[-3.751,-54.824],[27.765,-35.12],[19.356,32.595],[-3.094,58.13]],"o":[[0,0],[3.331,48.682],[-32.671,41.325],[-18.315,-30.842],[0,-23.575]],"v":[[1.665,-115.808],[15.1,-25.421],[93.77,66.016],[-12.031,43.039],[-18.529,-80.918]],"c":true}],"e":[{"i":[[0,0],[-3.751,-54.824],[45.354,-23.317],[-16.4,27.93],[62.007,55.087]],"o":[[0,0],[3.331,48.682],[-51.806,26.634],[16.397,-27.929],[0,-23.575]],"v":[[1.665,-115.808],[69.311,-32.789],[1.665,89.174],[-56.241,43.565],[-10.634,-82.497]],"c":true}]},{"i":{"x":0.667,"y":1},"o":{"x":0.333,"y":0},"n":"0p667_1_0p333_0","t":150,"s":[{"i":[[0,0],[-3.751,-54.824],[45.354,-23.317],[-16.4,27.93],[62.007,55.087]],"o":[[0,0],[3.331,48.682],[-51.806,26.634],[16.397,-27.929],[0,-23.575]],"v":[[1.665,-115.808],[69.311,-32.789],[1.665,89.174],[-56.241,43.565],[-10.634,-82.497]],"c":true}],"e":[{"i":[[0,0],[-3.751,-54.824],[27.765,-35.12],[19.356,32.595],[-3.094,58.13]],"o":[[0,0],[3.331,48.682],[-32.671,41.325],[-18.315,-30.842],[0,-23.575]],"v":[[1.665,-115.808],[15.1,-25.421],[93.77,66.016],[-12.031,43.039],[-18.529,-80.918]],"c":true}]},{"i":{"x":0.667,"y":1},"o":{"x":0.333,"y":0},"n":"0p667_1_0p333_0","t":224.25,"s":[{"i":[[0,0],[-3.751,-54.824],[27.765,-35.12],[19.356,32.595],[-3.094,58.13]],"o":[[0,0],[3.331,48.682],[-32.671,41.325],[-18.315,-30.842],[0,-23.575]],"v":[[1.665,-115.808],[15.1,-25.421],[93.77,66.016],[-12.031,43.039],[-18.529,-80.918]],"c":true}],"e":[{"i":[[0,0],[-3.751,-54.824],[45.354,-23.317],[-16.4,27.93],[62.007,55.087]],"o":[[0,0],[3.331,48.682],[-51.806,26.634],[16.397,-27.929],[0,-23.575]],"v":[[1.665,-115.808],[69.311,-32.789],[1.665,89.174],[-56.241,43.565],[-10.634,-82.497]],"c":true}]},{"t":299}],"ix":2},"nm":"Path 1","mn":"ADBE Vector Shape - Group","hd":false},{"ty":"mm","mm":4,"nm":"Merge Paths 1","mn":"ADBE Vector Filter - Merge","hd":false},{"ty":"fl","c":{"a":0,"k":[0.969000004787,0.455000005984,0.725,1],"ix":4},"o":{"a":0,"k":100,"ix":5},"r":1,"nm":"Fill 1","mn":"ADBE Vector Graphic - Fill","hd":false},{"ty":"tr","p":{"a":0,"k":[773.202,834.367],"ix":2},"a":{"a":0,"k":[0,0],"ix":1},"s":{"a":0,"k":[100,100],"ix":3},"r":{"a":0,"k":0,"ix":6},"o":{"a":0,"k":100,"ix":7},"sk":{"a":0,"k":0,"ix":4},"sa":{"a":0,"k":0,"ix":5},"nm":"Transform"}],"nm":"Group 29","np":3,"cix":2,"ix":28,"mn":"ADBE Vector Group","hd":false}],"ip":0,"op":300,"st":0,"bm":0},{"ddd":0,"ind":3,"ty":4,"nm":"Cat_bg Outlines","sr":1,"ks":{"o":{"a":0,"k":100,"ix":11},"r":{"a":0,"k":0,"ix":10},"p":{"a":0,"k":[548,541,0],"ix":2},"a":{"a":0,"k":[540,540,0],"ix":1},"s":{"a":0,"k":[96.481,96.481,100],"ix":6}},"ao":0,"shapes":[{"ty":"gr","it":[{"ind":0,"ty":"sh","ix":1,"ks":{"a":0,"k":{"i":[[24.267,2.557],[22.523,-5.852],[-30.971,-10.98],[41.246,-1.97],[-28.999,-15.063],[-48.99,0],[-26.746,16.049],[9.291,4.224],[-2.534,6.617],[16.906,14.868]],"o":[[-22.648,-2.387],[-20.512,5.33],[30.97,10.98],[-41.247,1.971],[28.999,15.063],[48.988,0],[26.747,-16.048],[-9.291,-4.222],[2.535,-6.616],[-28.624,-25.174]],"v":[[24.975,-64.973],[-61.928,-60.517],[-70.938,-20.537],[-106.976,5.928],[-137.665,50.131],[-0.551,66.179],[138.532,42.529],[135.435,7.054],[119.668,-4.771],[116.759,-45.505]],"c":true},"ix":2},"nm":"Path 1","mn":"ADBE Vector Shape - Group","hd":false},{"ty":"mm","mm":4,"nm":"Merge Paths 1","mn":"ADBE Vector Filter - Merge","hd":false},{"ty":"fl","c":{"a":0,"k":[0.6,0.677999997606,0.976000019148,1],"ix":4},"o":{"a":0,"k":100,"ix":5},"r":1,"nm":"Fill 1","mn":"ADBE Vector Graphic - Fill","hd":false},{"ty":"tr","p":{"a":0,"k":[265.845,769.087],"ix":2},"a":{"a":0,"k":[0,0],"ix":1},"s":{"a":1,"k":[{"i":{"x":[0.667,0.667],"y":[1,1]},"o":{"x":[0.333,0.333],"y":[0,0]},"n":["0p667_1_0p333_0","0p667_1_0p333_0"],"t":0,"s":[70,70],"e":[131,131]},{"i":{"x":[0.667,0.667],"y":[1,1]},"o":{"x":[0.919,0.919],"y":[0,0]},"n":["0p667_1_0p919_0","0p667_1_0p919_0"],"t":255,"s":[131,131],"e":[90,90]},{"t":299}],"ix":3},"r":{"a":0,"k":0,"ix":6},"o":{"a":0,"k":100,"ix":7},"sk":{"a":0,"k":0,"ix":4},"sa":{"a":0,"k":0,"ix":5},"nm":"Transform"}],"nm":"Group 1","np":3,"cix":2,"ix":1,"mn":"ADBE Vector Group","hd":false},{"ty":"gr","it":[{"ind":0,"ty":"sh","ix":1,"ks":{"a":0,"k":{"i":[[162.446,4.433],[64.044,-79.829],[91.322,-82.895],[-102.76,-70.206],[-104.899,-42.534],[-106.697,16.071],[19.97,197.696]],"o":[[-76.116,-2.077],[-98.161,122.355],[-69.063,62.691],[102.758,70.206],[104.898,42.534],[122.475,-18.448],[-25.555,-252.97]],"v":[[124.315,-331.927],[-137.43,-194.41],[-421.282,-49.13],[-409.247,219.141],[-24.14,256.551],[281.403,317.934],[492.037,-8.901]],"c":true},"ix":2},"nm":"Path 1","mn":"ADBE Vector Shape - Group","hd":false},{"ty":"fl","c":{"a":0,"k":[0.941000007181,0.957000014361,1,1],"ix":4},"o":{"a":0,"k":100,"ix":5},"r":1,"nm":"Fill 1","mn":"ADBE Vector Graphic - Fill","hd":false},{"ty":"tr","p":{"a":0,"k":[523.868,675.166],"ix":2},"a":{"a":0,"k":[0,0],"ix":1},"s":{"a":0,"k":[100,100],"ix":3},"r":{"a":0,"k":0,"ix":6},"o":{"a":0,"k":100,"ix":7},"sk":{"a":0,"k":0,"ix":4},"sa":{"a":0,"k":0,"ix":5},"nm":"Transform"}],"nm":"Group 2","np":2,"cix":2,"ix":2,"mn":"ADBE Vector Group","hd":false}],"ip":0,"op":300,"st":0,"bm":0},{"ddd":0,"ind":5,"ty":1,"nm":"White Solid 2","sr":1,"ks":{"o":{"a":0,"k":100,"ix":11},"r":{"a":0,"k":0,"ix":10},"p":{"a":0,"k":[540,540,0],"ix":2},"a":{"a":0,"k":[540,540,0],"ix":1},"s":{"a":0,"k":[100,100,100],"ix":6}},"ao":0,"sw":1080,"sh":1080,"sc":"#ffffff","ip":0,"op":300,"st":0,"bm":0}],"markers":[]}